first_name,last_name,averagre,age,position,price,name,,,,,,,,,,,,,,,,,,,,,,,,,,,,,,,,,
Rory,Laird,109.2,1993-12-29,MID,959000,Rory Laird,,,,,,,,,,,,,,,,,,,,,,,,,,,,,,,,,
Andrew,Brayshaw,110.3,1999-11-08,MID,929000,Andrew Brayshaw,,,,,,,,,,,,,,,,,,,,,,,,,,,,,,,,,
Clayton,Oliver,113.8,1997-07-22,MID,921000,Clayton Oliver,,,,,,,,,,,,,,,,,,,,,,,,,,,,,,,,,
Callum,Mills,84.1,1997-04-02,MID,707000,Callum Mills,,,,,,,,,,,,,,,,,,,,,,,,,,,,,,,,,
Jack,Steele,97.9,1995-12-13,MID,825000,Jack Steele,,,,,,,,,,,,,,,,,,,,,,,,,,,,,,,,,
Sam,Docherty,104.5,1993-10-17,DEF/MID,867000,Sam Docherty,,,,,,,,,,,,,,,,,,,,,,,,,,,,,,,,,
Touk,Miller,96.2,1996-02-22,MID,802000,Touk Miller,,,,,,,,,,,,,,,,,,,,,,,,,,,,,,,,,
Josh,Dunkley,104.4,1997-01-09,MID/FWD,822000,Josh Dunkley,,,,,,,,,,,,,,,,,,,,,,,,,,,,,,,,,
Zach,Merrett,112.9,1995-10-03,MID,949000,Zach Merrett,,,,,,,,,,,,,,,,,,,,,,,,,,,,,,,,,
Lachie,Neale,97,1993-05-24,MID,787000,Lachie Neale,,,,,,,,,,,,,,,,,,,,,,,,,,,,,,,,,
Brad,Crouch,103.3,1994-01-14,MID,869000,Brad Crouch,,,,,,,,,,,,,,,,,,,,,,,,,,,,,,,,,
Bailey,Smith,83.3,2000-12-07,MID/FWD,634000,Bailey Smith,,,,,,,,,,,,,,,,,,,,,,,,,,,,,,,,,
Jack,Macrae,91.8,1994-08-03,MID/FWD,694000,Jack Macrae,,,,,,,,,,,,,,,,,,,,,,,,,,,,,,,,,
Sam,Walsh,94.6,2000-07-02,MID,704000,Sam Walsh,,,,,,,,,,,,,,,,,,,,,,,,,,,,,,,,,
Max,Gawn,92.1,1991-12-30,RUC,853000,Max Gawn,,,,,,,,,,,,,,,,,,,,,,,,,,,,,,,,,
Jack,Sinclair,102.2,1995-02-12,DEF/MID,906000,Jack Sinclair,,,,,,,,,,,,,,,,,,,,,,,,,,,,,,,,,
Hugh,McCluggage,89.3,1998-03-03,MID,824000,Hugh McCluggage,,,,,,,,,,,,,,,,,,,,,,,,,,,,,,,,,
Christian,Petracca,106,1996-01-04,MID,864000,Christian Petracca,,,,,,,,,,,,,,,,,,,,,,,,,,,,,,,,,
Patrick,Cripps,88.4,1995-03-18,MID,741000,Patrick Cripps,,,,,,,,,,,,,,,,,,,,,,,,,,,,,,,,,
Tim,English,118.7,1997-08-10,RUC,1015000,Tim English,,,,,,,,,,,,,,,,,,,,,,,,,,,,,,,,,
Josh,Kelly,97.9,1995-02-12,MID,763000,Josh Kelly,,,,,,,,,,,,,,,,,,,,,,,,,,,,,,,,,
Jordan,Dawson,113.4,1997-04-09,DEF/MID,924000,Jordan Dawson,,,,,,,,,,,,,,,,,,,,,,,,,,,,,,,,,
Marcus,Bontempelli,117,1995-11-24,MID,1032000,Marcus Bontempelli,,,,,,,,,,,,,,,,,,,,,,,,,,,,,,,,,
Darcy,Parish,106.9,1997-07-25,MID,892000,Darcy Parish,,,,,,,,,,,,,,,,,,,,,,,,,,,,,,,,,
Angus,Brayshaw,85.3,1996-01-09,DEF/MID,800000,Angus Brayshaw,,,,,,,,,,,,,,,,,,,,,,,,,,,,,,,,,
Luke,Parker,89.9,1992-10-25,MID,701000,Luke Parker,,,,,,,,,,,,,,,,,,,,,,,,,,,,,,,,,
Stephen,Coniglio,101.6,1993-12-15,MID/FWD,835000,Stephen Coniglio,,,,,,,,,,,,,,,,,,,,,,,,,,,,,,,,,
George,Hewett,74.1,1995-12-29,MID,697000,George Hewett,,,,,,,,,,,,,,,,,,,,,,,,,,,,,,,,,
Noah,Anderson,100.5,2001-02-17,MID,801000,Noah Anderson,,,,,,,,,,,,,,,,,,,,,,,,,,,,,,,,,
Jayden,Short,92.5,1996-01-24,MID/DEF,722000,Jayden Short,,,,,,,,,,,,,,,,,,,,,,,,,,,,,,,,,
Ollie,Wines,77.7,1994-10-07,MID,653000,Ollie Wines,,,,,,,,,,,,,,,,,,,,,,,,,,,,,,,,,
Ben,Keays,77.3,1997-02-23,MID/FWD,612000,Ben Keays,,,,,,,,,,,,,,,,,,,,,,,,,,,,,,,,,
Karl,Amon,86.8,1995-08-19,MID,864000,Karl Amon,,,,,,,,,,,,,,,,,,,,,,,,,,,,,,,,,
Adam,Treloar,105.3,1993-03-09,MID,910000,Adam Treloar,,,,,,,,,,,,,,,,,,,,,,,,,,,,,,,,,
Jack,Viney,100,1994-04-13,MID,935000,Jack Viney,,,,,,,,,,,,,,,,,,,,,,,,,,,,,,,,,
James,Sicily,104.5,1995-01-06,DEF,896000,James Sicily,,,,,,,,,,,,,,,,,,,,,,,,,,,,,,,,,
Tom,Mitchell,91.8,1993-05-31,MID,677000,Tom Mitchell,,,,,,,,,,,,,,,,,,,,,,,,,,,,,,,,,
Cameron,Guthrie,86.8,1992-08-19,MID,790000,Cameron Guthrie,,,,,,,,,,,,,,,,,,,,,,,,,,,,,,,,,
Jy,Simpkin,75.8,1998-03-05,MID,641000,Jy Simpkin,,,,,,,,,,,,,,,,,,,,,,,,,,,,,,,,,
Tim,Taranto,112.4,1998-01-28,MID/FWD,825000,Tim Taranto,,,,,,,,,,,,,,,,,,,,,,,,,,,,,,,,,
Will,Brodie,67,1998-08-23,MID,666000,Will Brodie,,,,,,,,,,,,,,,,,,,,,,,,,,,,,,,,,
Alex,Witherden,78.4,1998-09-10,DEF,699000,Alex Witherden,,,,,,,,,,,,,,,,,,,,,,,,,,,,,,,,,
Travis,Boak,62.2,1988-08-01,MID,477000,Travis Boak,,,,,,,,,,,,,,,,,,,,,,,,,,,,,,,,,
Tom,Stewart,96.3,1993-03-15,DEF,860000,Tom Stewart,,,,,,,,,,,,,,,,,,,,,,,,,,,,,,,,,
Jack,Crisp,82.9,1993-10-02,MID,745000,Jack Crisp,,,,,,,,,,,,,,,,,,,,,,,,,,,,,,,,,
Matthew,Kennedy,74.6,1997-04-06,MID/DEF,640000,Matthew Kennedy,,,,,,,,,,,,,,,,,,,,,,,,,,,,,,,,,
Brodie,Grundy,75,1994-04-15,RUC,574000,Brodie Grundy,,,,,,,,,,,,,,,,,,,,,,,,,,,,,,,,,
Shannon,Hurn,80,1987-09-04,DEF,706000,Shannon Hurn,,,,,,,,,,,,,,,,,,,,,,,,,,,,,,,,,
Reilly,O'Brien,88.4,1995-08-20,RUC,714000,Reilly O'Brien,,,,,,,,,,,,,,,,,,,,,,,,,,,,,,,,,
Dylan,Moore,88,1999-08-04,FWD,763000,Dylan Moore,,,,,,,,,,,,,,,,,,,,,,,,,,,,,,,,,
Luke,Davies-Uniacke,97.4,1999-06-08,MID,871000,Luke Davies-Uniacke,,,,,,,,,,,,,,,,,,,,,,,,,,,,,,,,,
Mitch,Duncan,91.3,1991-06-10,DEF,802000,Mitch Duncan,,,,,,,,,,,,,,,,,,,,,,,,,,,,,,,,,
Dan,Houston,92.7,1997-05-12,DEF,814000,Dan Houston,,,,,,,,,,,,,,,,,,,,,,,,,,,,,,,,,
Jarryd,Lyons,50.6,1992-07-22,MID,526000,Jarryd Lyons,,,,,,,,,,,,,,,,,,,,,,,,,,,,,,,,,
Rowan,Marshall,115.8,1995-11-24,RUC,1036000,Rowan Marshall,,,,,,,,,,,,,,,,,,,,,,,,,,,,,,,,,
Jake,Lloyd,89.7,1993-09-20,DEF,754000,Jake Lloyd,,,,,,,,,,,,,,,,,,,,,,,,,,,,,,,,,
Lachie,Whitfield,94.7,1994-07-18,MID/DEF,835000,Lachie Whitfield,,,,,,,,,,,,,,,,,,,,,,,,,,,,,,,,,
Isaac,Cumming,68.3,1998-08-11,DEF,549000,Isaac Cumming,,,,,,,,,,,,,,,,,,,,,,,,,,,,,,,,,
Tom,Liberatore,103.3,1992-05-16,MID,857000,Tom Liberatore,,,,,,,,,,,,,,,,,,,,,,,,,,,,,,,,,
Jarrod,Witts,90.8,1992-09-13,RUC,764000,Jarrod Witts,,,,,,,,,,,,,,,,,,,,,,,,,,,,,,,,,
Mark,Blicavs,81.5,1991-03-28,MID/RUC,724000,Mark Blicavs,,,,,,,,,,,,,,,,,,,,,,,,,,,,,,,,,
Sebastian,Ross,69.9,1993-05-07,MID,527000,Sebastian Ross,,,,,,,,,,,,,,,,,,,,,,,,,,,,,,,,,
Nick,Vlastuin,81.2,1994-04-19,DEF,671000,Nick Vlastuin,,,,,,,,,,,,,,,,,,,,,,,,,,,,,,,,,
Aaron,Hall,92.2,1990-11-09,DEF,771000,Aaron Hall,,,,,,,,,,,,,,,,,,,,,,,,,,,,,,,,,
Bailey,Dale,85.3,1996-07-22,DEF,744000,Bailey Dale,,,,,,,,,,,,,,,,,,,,,,,,,,,,,,,,,
Dion,Prestia,75.9,1992-10-12,MID,679000,Dion Prestia,,,,,,,,,,,,,,,,,,,,,,,,,,,,,,,,,
Isaac,Heeney,80,1996-05-05,FWD,672000,Isaac Heeney,,,,,,,,,,,,,,,,,,,,,,,,,,,,,,,,,
Chad,Warner,92.7,2001-05-19,MID,772000,Chad Warner,,,,,,,,,,,,,,,,,,,,,,,,,,,,,,,,,
Connor,Rozee,105.9,2000-01-22,MID/FWD,921000,Connor Rozee,,,,,,,,,,,,,,,,,,,,,,,,,,,,,,,,,
Adam,Cerra,96.6,1999-10-07,MID,788000,Adam Cerra,,,,,,,,,,,,,,,,,,,,,,,,,,,,,,,,,
Matt,Crouch,89.3,1995-04-21,MID,789000,Matt Crouch,,,,,,,,,,,,,,,,,,,,,,,,,,,,,,,,,
Caleb,Serong,108.1,2001-02-09,MID,879000,Caleb Serong,,,,,,,,,,,,,,,,,,,,,,,,,,,,,,,,,
Hayden,Young,89.2,2001-04-11,DEF,784000,Hayden Young,,,,,,,,,,,,,,,,,,,,,,,,,,,,,,,,,
Jai,Newcombe,93.3,2001-08-02,MID,821000,Jai Newcombe,,,,,,,,,,,,,,,,,,,,,,,,,,,,,,,,,
Nick,Daicos,108.8,2003-01-03,DEF/MID,894000,Nick Daicos,,,,,,,,,,,,,,,,,,,,,,,,,,,,,,,,,
Caleb,Daniel,89.9,1996-07-07,DEF/FWD,667000,Caleb Daniel,,,,,,,,,,,,,,,,,,,,,,,,,,,,,,,,,
Harry,Perryman,70.5,1998-12-19,MID/DEF,610000,Harry Perryman,,,,,,,,,,,,,,,,,,,,,,,,,,,,,,,,,
Zak,Butters,99.5,2000-09-08,MID/FWD,886000,Zak Butters,,,,,,,,,,,,,,,,,,,,,,,,,,,,,,,,,
Brandon,Ellis,75.6,1993-08-03,DEF/MID,675000,Brandon Ellis,,,,,,,,,,,,,,,,,,,,,,,,,,,,,,,,,
Sean,Darcy,95.4,1998-06-12,RUC,790000,Sean Darcy,,,,,,,,,,,,,,,,,,,,,,,,,,,,,,,,,
Toby,Nankervis,102.3,1994-08-12,RUC,827000,Toby Nankervis,,,,,,,,,,,,,,,,,,,,,,,,,,,,,,,,,
Braydon,Preuss,0,1995-06-16,RUC,758000,Braydon Preuss,,,,,,,,,,,,,,,,,,,,,,,,,,,,,,,,,
Luke,Ryan,99.4,1996-02-06,DEF,819000,Luke Ryan,,,,,,,,,,,,,,,,,,,,,,,,,,,,,,,,,
Blake,Acres,87.8,1995-10-07,MID,741000,Blake Acres,,,,,,,,,,,,,,,,,,,,,,,,,,,,,,,,,
Luke,Shuey,72.6,1990-06-02,MID,626000,Luke Shuey,,,,,,,,,,,,,,,,,,,,,,,,,,,,,,,,,
Mason,Redman,85.8,1997-08-26,DEF,681000,Mason Redman,,,,,,,,,,,,,,,,,,,,,,,,,,,,,,,,,
Scott,Pendlebury,88,1988-01-07,MID,790000,Scott Pendlebury,,,,,,,,,,,,,,,,,,,,,,,,,,,,,,,,,
Isaac,Smith,85.7,1988-12-30,MID/FWD,747000,Isaac Smith,,,,,,,,,,,,,,,,,,,,,,,,,,,,,,,,,
Tom,Green,110.6,2001-01-23,MID,922000,Tom Green,,,,,,,,,,,,,,,,,,,,,,,,,,,,,,,,,
Daniel,Rich,73.1,1990-06-07,DEF,661000,Daniel Rich,,,,,,,,,,,,,,,,,,,,,,,,,,,,,,,,,
Dylan,Shiel,69,1993-03-09,MID,502000,Dylan Shiel,,,,,,,,,,,,,,,,,,,,,,,,,,,,,,,,,
Sam,Berry,49.3,2002-02-12,MID,569000,Sam Berry,,,,,,,,,,,,,,,,,,,,,,,,,,,,,,,,,
Tim,Kelly,98.7,1994-07-26,MID,781000,Tim Kelly,,,,,,,,,,,,,,,,,,,,,,,,,,,,,,,,,
Kyle,Langford,73,1996-12-01,MID/FWD,600000,Kyle Langford,,,,,,,,,,,,,,,,,,,,,,,,,,,,,,,,,
Jade,Gresham,73.6,1997-08-24,MID/FWD,668000,Jade Gresham,,,,,,,,,,,,,,,,,,,,,,,,,,,,,,,,,
Liam,Duggan,96.3,1996-12-11,DEF,834000,Liam Duggan,,,,,,,,,,,,,,,,,,,,,,,,,,,,,,,,,
Dyson,Heppell,81.6,1992-05-14,DEF/MID,722000,Dyson Heppell,,,,,,,,,,,,,,,,,,,,,,,,,,,,,,,,,
Jed,Anderson,0,1994-02-02,MID/FWD,738000,Jed Anderson,,,,,,,,,,,,,,,,,,,,,,,,,,,,,,,,,
Jeremy,Cameron,83,1993-04-01,FWD,626000,Jeremy Cameron,,,,,,,,,,,,,,,,,,,,,,,,,,,,,,,,,
Errol,Gulden,112.5,2002-07-18,MID/FWD,987000,Errol Gulden,,,,,,,,,,,,,,,,,,,,,,,,,,,,,,,,,
Zach,Tuohy,66.7,1989-12-10,DEF/MID,588000,Zach Tuohy,,,,,,,,,,,,,,,,,,,,,,,,,,,,,,,,,
Lachie,Hunter,79.2,1994-12-13,MID,696000,Lachie Hunter,,,,,,,,,,,,,,,,,,,,,,,,,,,,,,,,,
Dayne,Zorko,84.8,1989-02-09,FWD/MID,745000,Dayne Zorko,,,,,,,,,,,,,,,,,,,,,,,,,,,,,,,,,
Jaeger,O'Meara,75.4,1994-02-23,MID,580000,Jaeger O'Meara,,,,,,,,,,,,,,,,,,,,,,,,,,,,,,,,,
James,Rowbottom,79.3,2000-09-19,MID,683000,James Rowbottom,,,,,,,,,,,,,,,,,,,,,,,,,,,,,,,,,
Adam,Saad,73.9,1994-07-23,DEF,620000,Adam Saad,,,,,,,,,,,,,,,,,,,,,,,,,,,,,,,,,
Darcy,Cameron,84,1995-07-18,RUC/FWD,723000,Darcy Cameron,,,,,,,,,,,,,,,,,,,,,,,,,,,,,,,,,
Harry,Morrison,76.5,1998-11-12,MID,638000,Harry Morrison,,,,,,,,,,,,,,,,,,,,,,,,,,,,,,,,,
Taylor,Adams,76.5,1993-09-20,MID/FWD,656000,Taylor Adams,,,,,,,,,,,,,,,,,,,,,,,,,,,,,,,,,
Jordan,Clark,76.5,2000-10-16,DEF,675000,Jordan Clark,,,,,,,,,,,,,,,,,,,,,,,,,,,,,,,,,
Andrew,Gaff,71.7,1992-06-16,MID,655000,Andrew Gaff,,,,,,,,,,,,,,,,,,,,,,,,,,,,,,,,,
Andrew,McGrath,81.8,1998-06-02,DEF/MID,680000,Andrew McGrath,,,,,,,,,,,,,,,,,,,,,,,,,,,,,,,,,
David,Swallow,72.4,1992-11-19,MID,593000,David Swallow,,,,,,,,,,,,,,,,,,,,,,,,,,,,,,,,,
Jacob,Hopper,80.8,1997-02-06,MID,616000,Jacob Hopper,,,,,,,,,,,,,,,,,,,,,,,,,,,,,,,,,
Callan,Ward,71.9,1990-04-10,MID/FWD,695000,Callan Ward,,,,,,,,,,,,,,,,,,,,,,,,,,,,,,,,,
Patrick,Lipinski,69.7,1998-07-17,MID/FWD,605000,Patrick Lipinski,,,,,,,,,,,,,,,,,,,,,,,,,,,,,,,,,
Nic,Naitanui,0,1990-05-04,RUC,708000,Nic Naitanui,,,,,,,,,,,,,,,,,,,,,,,,,,,,,,,,,
Harry,Himmelberg,72.3,1996-05-08,DEF/FWD,709000,Harry Himmelberg,,,,,,,,,,,,,,,,,,,,,,,,,,,,,,,,,
Nic,Martin,85.2,2001-04-03,MID/FWD,683000,Nic Martin,,,,,,,,,,,,,,,,,,,,,,,,,,,,,,,,,
Ryan,Burton,64.2,1997-01-31,DEF,567000,Ryan Burton,,,,,,,,,,,,,,,,,,,,,,,,,,,,,,,,,
Trent,Cotchin,60.2,1990-04-07,MID/FWD,519000,Trent Cotchin,,,,,,,,,,,,,,,,,,,,,,,,,,,,,,,,,
Jordan,De Goey,86.8,1996-03-15,MID,693000,Jordan De Goey,,,,,,,,,,,,,,,,,,,,,,,,,,,,,,,,,
Sam,Menegola,99,1992-03-07,MID,706000,Sam Menegola,,,,,,,,,,,,,,,,,,,,,,,,,,,,,,,,,
James,Aish,73.5,1995-11-08,MID,607000,James Aish,,,,,,,,,,,,,,,,,,,,,,,,,,,,,,,,,
Tom,Atkins,79.9,1995-09-18,DEF/MID,757000,Tom Atkins,,,,,,,,,,,,,,,,,,,,,,,,,,,,,,,,,
Darcy,Byrne-Jones,61.2,1995-09-20,DEF/FWD,484000,Darcy Byrne-Jones,,,,,,,,,,,,,,,,,,,,,,,,,,,,,,,,,
Daniel,Rioli,80.3,1997-04-16,DEF,554000,Daniel Rioli,,,,,,,,,,,,,,,,,,,,,,,,,,,,,,,,,
Oscar,McInerney,82.7,1994-07-10,RUC,711000,Oscar McInerney,,,,,,,,,,,,,,,,,,,,,,,,,,,,,,,,,
Jack,Billings,60.7,1995-08-18,MID,628000,Jack Billings,,,,,,,,,,,,,,,,,,,,,,,,,,,,,,,,,
Josh,Daicos,94.7,1998-11-26,MID,798000,Josh Daicos,,,,,,,,,,,,,,,,,,,,,,,,,,,,,,,,,
Brodie,Smith,81.4,1992-01-14,DEF,701000,Brodie Smith,,,,,,,,,,,,,,,,,,,,,,,,,,,,,,,,,
Luke,McDonald,75.2,1995-02-09,DEF,571000,Luke McDonald,,,,,,,,,,,,,,,,,,,,,,,,,,,,,,,,,
Nic,Newman,98,1993-01-15,DEF,945000,Nic Newman,,,,,,,,,,,,,,,,,,,,,,,,,,,,,,,,,
Keidean,Coleman,69.6,2000-03-31,DEF,694000,Keidean Coleman,,,,,,,,,,,,,,,,,,,,,,,,,,,,,,,,,
Luke,Dunstan,0,1995-01-29,MID,687000,Luke Dunstan,,,,,,,,,,,,,,,,,,,,,,,,,,,,,,,,,
Nick,Hind,69.1,1994-08-19,DEF,673000,Nick Hind,,,,,,,,,,,,,,,,,,,,,,,,,,,,,,,,,
Taylor,Walker,80.4,1990-04-25,FWD,756000,Taylor Walker,,,,,,,,,,,,,,,,,,,,,,,,,,,,,,,,,
Nat,Fyfe,49.3,1991-09-18,MID/FWD,483000,Nat Fyfe,,,,,,,,,,,,,,,,,,,,,,,,,,,,,,,,,
Brandan,Parfitt,55.1,1998-04-27,MID,499000,Brandan Parfitt,,,,,,,,,,,,,,,,,,,,,,,,,,,,,,,,,
Tom,Hawkins,63,1988-07-21,FWD,521000,Tom Hawkins,,,,,,,,,,,,,,,,,,,,,,,,,,,,,,,,,
Robbie,Fox,55.3,1993-04-16,DEF,399000,Robbie Fox,,,,,,,,,,,,,,,,,,,,,,,,,,,,,,,,,
Sam,Powell-Pepper,61.4,1998-01-08,FWD,499000,Sam Powell-Pepper,,,,,,,,,,,,,,,,,,,,,,,,,,,,,,,,,
Charlie,Curnow,86.8,1997-02-03,FWD,710000,Charlie Curnow,,,,,,,,,,,,,,,,,,,,,,,,,,,,,,,,,
Dustin,Martin,90,1991-06-26,MID/FWD,822000,Dustin Martin,,,,,,,,,,,,,,,,,,,,,,,,,,,,,,,,,
Lachie,Weller,83.8,1996-02-23,DEF,694000,Lachie Weller,,,,,,,,,,,,,,,,,,,,,,,,,,,,,,,,,
Jesse,Hogan,73.9,1995-02-12,FWD,640000,Jesse Hogan,,,,,,,,,,,,,,,,,,,,,,,,,,,,,,,,,
Nick,Blakey,71.4,2000-02-27,DEF,547000,Nick Blakey,,,,,,,,,,,,,,,,,,,,,,,,,,,,,,,,,
Patrick,Dangerfield,79.9,1990-04-05,MID,635000,Patrick Dangerfield,,,,,,,,,,,,,,,,,,,,,,,,,,,,,,,,,
Tom J.,Lynch,51.8,1992-10-31,FWD,565000,Tom J. Lynch,,,,,,,,,,,,,,,,,,,,,,,,,,,,,,,,,
Ben,Ainsworth,74.1,1998-02-10,FWD,671000,Ben Ainsworth,,,,,,,,,,,,,,,,,,,,,,,,,,,,,,,,,
Jordan,Ridley,80.8,1998-10-20,DEF,682000,Jordan Ridley,,,,,,,,,,,,,,,,,,,,,,,,,,,,,,,,,
Ben,Cunnington,63,1991-06-30,MID/FWD,557000,Ben Cunnington,,,,,,,,,,,,,,,,,,,,,,,,,,,,,,,,,
Jarrod,Berry,73.8,1998-02-05,MID,677000,Jarrod Berry,,,,,,,,,,,,,,,,,,,,,,,,,,,,,,,,,
Jackson,Hately,8,2000-10-21,MID,615000,Jackson Hately,,,,,,,,,,,,,,,,,,,,,,,,,,,,,,,,,
Matt,Rowell,92,2001-07-01,MID,747000,Matt Rowell,,,,,,,,,,,,,,,,,,,,,,,,,,,,,,,,,
Bradley,Hill,74.5,1993-07-09,DEF/FWD,593000,Bradley Hill,,,,,,,,,,,,,,,,,,,,,,,,,,,,,,,,,
Ed,Langdon,72.4,1996-02-01,MID,643000,Ed Langdon,,,,,,,,,,,,,,,,,,,,,,,,,,,,,,,,,
Toby,Greene,88.5,1993-09-25,FWD,728000,Toby Greene,,,,,,,,,,,,,,,,,,,,,,,,,,,,,,,,,
Daniel,Howe,58.1,1995-12-04,MID,515000,Daniel Howe,,,,,,,,,,,,,,,,,,,,,,,,,,,,,,,,,
Shai,Bolton,86.8,1998-12-08,MID/FWD,728000,Shai Bolton,,,,,,,,,,,,,,,,,,,,,,,,,,,,,,,,,
Willem,Drew,76.9,1998-10-01,MID,664000,Willem Drew,,,,,,,,,,,,,,,,,,,,,,,,,,,,,,,,,
Jack,Graham,61,1998-02-25,MID/FWD,529000,Jack Graham,,,,,,,,,,,,,,,,,,,,,,,,,,,,,,,,,
Sam,Reid,0,1991-12-27,FWD,653000,Sam Reid,,,,,,,,,,,,,,,,,,,,,,,,,,,,,,,,,
Christian,Salem,77.5,1995-07-15,DEF,637000,Christian Salem,,,,,,,,,,,,,,,,,,,,,,,,,,,,,,,,,
Jye,Caldwell,75.1,2000-09-28,MID/FWD,638000,Jye Caldwell,,,,,,,,,,,,,,,,,,,,,,,,,,,,,,,,,
Will,Snelling,52.9,1997-08-06,FWD,372000,Will Snelling,,,,,,,,,,,,,,,,,,,,,,,,,,,,,,,,,
Andrew,Phillips,57,1991-07-03,RUC/FWD,539000,Andrew Phillips,,,,,,,,,,,,,,,,,,,,,,,,,,,,,,,,,
Ed,Richards,79.8,1999-07-03,DEF,669000,Ed Richards,,,,,,,,,,,,,,,,,,,,,,,,,,,,,,,,,
Jamie,Cripps,69.4,1992-04-23,FWD,630000,Jamie Cripps,,,,,,,,,,,,,,,,,,,,,,,,,,,,,,,,,
Hugh,Greenwood,59.3,1992-03-06,MID,513000,Hugh Greenwood,,,,,,,,,,,,,,,,,,,,,,,,,,,,,,,,,
James,Harmes,46.8,1995-10-05,MID/FWD,441000,James Harmes,,,,,,,,,,,,,,,,,,,,,,,,,,,,,,,,,
Jamie,Elliott,66.8,1992-08-21,FWD,576000,Jamie Elliott,,,,,,,,,,,,,,,,,,,,,,,,,,,,,,,,,
Mason,Wood,91.6,1993-09-13,MID,834000,Mason Wood,,,,,,,,,,,,,,,,,,,,,,,,,,,,,,,,,
Brayden,Maynard,74.6,1996-09-20,DEF,683000,Brayden Maynard,,,,,,,,,,,,,,,,,,,,,,,,,,,,,,,,,
Jack,Scrimshaw,66.5,1998-09-04,DEF,588000,Jack Scrimshaw,,,,,,,,,,,,,,,,,,,,,,,,,,,,,,,,,
Tom,McDonald,52.5,1992-09-18,FWD,503000,Tom McDonald,,,,,,,,,,,,,,,,,,,,,,,,,,,,,,,,,
Steven,May,69.5,1992-01-10,DEF,556000,Steven May,,,,,,,,,,,,,,,,,,,,,,,,,,,,,,,,,
Riley,Bonner,51.3,1997-03-07,DEF/MID,412000,Riley Bonner,,,,,,,,,,,,,,,,,,,,,,,,,,,,,,,,,
Tim,Membrey,54.4,1994-05-26,FWD,484000,Tim Membrey,,,,,,,,,,,,,,,,,,,,,,,,,,,,,,,,,
James,Jordon,50.3,2000-12-20,MID,434000,James Jordon,,,,,,,,,,,,,,,,,,,,,,,,,,,,,,,,,
Brayden,Fiorini,70.8,1997-08-22,MID,617000,Brayden Fiorini,,,,,,,,,,,,,,,,,,,,,,,,,,,,,,,,,
Todd,Goldstein,73.3,1988-07-01,RUC,546000,Todd Goldstein,,,,,,,,,,,,,,,,,,,,,,,,,,,,,,,,,
Josh,Ward,74.9,2003-08-15,MID,593000,Josh Ward,,,,,,,,,,,,,,,,,,,,,,,,,,,,,,,,,
Jaidyn,Stephenson,53.6,1999-01-15,FWD,424000,Jaidyn Stephenson,,,,,,,,,,,,,,,,,,,,,,,,,,,,,,,,,
Luke,Jackson,84.7,2001-09-29,RUC/FWD,792000,Luke Jackson,,,,,,,,,,,,,,,,,,,,,,,,,,,,,,,,,
Lance,Franklin,51.3,1987-01-30,FWD,476000,Lance Franklin,,,,,,,,,,,,,,,,,,,,,,,,,,,,,,,,,
Tom,Papley,66.2,1996-07-13,FWD,600000,Tom Papley,,,,,,,,,,,,,,,,,,,,,,,,,,,,,,,,,
Josh,Battle,62,1998-09-01,DEF,527000,Josh Battle,,,,,,,,,,,,,,,,,,,,,,,,,,,,,,,,,
Harry,McKay,69.6,1997-12-24,FWD,582000,Harry McKay,,,,,,,,,,,,,,,,,,,,,,,,,,,,,,,,,
Elliot,Yeo,70.1,1993-10-01,DEF,600000,Elliot Yeo,,,,,,,,,,,,,,,,,,,,,,,,,,,,,,,,,
Jeremy,Finlayson,72.6,1996-02-09,RUC/FWD,565000,Jeremy Finlayson,,,,,,,,,,,,,,,,,,,,,,,,,,,,,,,,,
Aaron,Naughton,66.9,1999-11-30,FWD,553000,Aaron Naughton,,,,,,,,,,,,,,,,,,,,,,,,,,,,,,,,,
Steele,Sidebottom,78.8,1991-01-02,MID,644000,Steele Sidebottom,,,,,,,,,,,,,,,,,,,,,,,,,,,,,,,,,
Tyson,Stengle,53.9,1998-10-19,FWD,466000,Tyson Stengle,,,,,,,,,,,,,,,,,,,,,,,,,,,,,,,,,
Rhys,Mathieson,0,1997-01-10,MID/FWD,623000,Rhys Mathieson,,,,,,,,,,,,,,,,,,,,,,,,,,,,,,,,,
Lochie,O'Brien,30.5,1999-09-18,MID/FWD,363000,Lochie O'Brien,,,,,,,,,,,,,,,,,,,,,,,,,,,,,,,,,
Rory,Sloane,74.5,1990-03-17,MID,570000,Rory Sloane,,,,,,,,,,,,,,,,,,,,,,,,,,,,,,,,,
Scott,Lycett,63.2,1992-09-26,RUC,569000,Scott Lycett,,,,,,,,,,,,,,,,,,,,,,,,,,,,,,,,,
Brad,Close,55.9,1998-07-30,FWD,466000,Brad Close,,,,,,,,,,,,,,,,,,,,,,,,,,,,,,,,,
Zac,Fisher,69,1998-06-15,FWD/MID,637000,Zac Fisher,,,,,,,,,,,,,,,,,,,,,,,,,,,,,,,,,
Zac,Bailey,72.4,1999-09-23,MID/FWD,614000,Zac Bailey,,,,,,,,,,,,,,,,,,,,,,,,,,,,,,,,,
Todd,Marshall,60.2,1998-10-08,FWD,523000,Todd Marshall,,,,,,,,,,,,,,,,,,,,,,,,,,,,,,,,,
Liam,Baker,69.8,1998-01-27,DEF/FWD,527000,Liam Baker,,,,,,,,,,,,,,,,,,,,,,,,,,,,,,,,,
Nathan,Broad,66.9,1993-04-15,DEF,543000,Nathan Broad,,,,,,,,,,,,,,,,,,,,,,,,,,,,,,,,,
Jack,Silvagni,63.4,1997-12-17,FWD,559000,Jack Silvagni,,,,,,,,,,,,,,,,,,,,,,,,,,,,,,,,,
Miles,Bergman,60,2001-10-18,MID/DEF,462000,Miles Bergman,,,,,,,,,,,,,,,,,,,,,,,,,,,,,,,,,
Zac,Williams,0,1994-09-20,DEF,614000,Zac Williams,,,,,,,,,,,,,,,,,,,,,,,,,,,,,,,,,
Heath,Chapman,60.3,2002-01-31,DEF,601000,Heath Chapman,,,,,,,,,,,,,,,,,,,,,,,,,,,,,,,,,
Jeremy,McGovern,70.3,1992-04-15,DEF,583000,Jeremy McGovern,,,,,,,,,,,,,,,,,,,,,,,,,,,,,,,,,
Charlie,Cameron,63.6,1994-07-05,FWD,554000,Charlie Cameron,,,,,,,,,,,,,,,,,,,,,,,,,,,,,,,,,
Justin,McInerney,70.8,2000-08-18,MID,638000,Justin McInerney,,,,,,,,,,,,,,,,,,,,,,,,,,,,,,,,,
Bailey,Scott,85.6,2000-07-09,DEF/MID,828000,Bailey Scott,,,,,,,,,,,,,,,,,,,,,,,,,,,,,,,,,
Peter,Wright,58,1996-09-08,FWD,513000,Peter Wright,,,,,,,,,,,,,,,,,,,,,,,,,,,,,,,,,
Oliver,Florent,71,1998-07-22,DEF,566000,Oliver Florent,,,,,,,,,,,,,,,,,,,,,,,,,,,,,,,,,
Will,Setterfield,92,1998-02-05,MID,709000,Will Setterfield,,,,,,,,,,,,,,,,,,,,,,,,,,,,,,,,,
Rhys,Stanley,71.3,1990-12-01,RUC,633000,Rhys Stanley,,,,,,,,,,,,,,,,,,,,,,,,,,,,,,,,,
Jack,Bowes,60.7,1998-01-26,DEF,524000,Jack Bowes,,,,,,,,,,,,,,,,,,,,,,,,,,,,,,,,,
Callum,Wilkie,87.2,1996-03-10,DEF,779000,Callum Wilkie,,,,,,,,,,,,,,,,,,,,,,,,,,,,,,,,,
Lachlan,Bramble,62.2,1998-04-19,DEF/MID,536000,Lachlan Bramble,,,,,,,,,,,,,,,,,,,,,,,,,,,,,,,,,
Blake,Hardwick,81,1997-02-05,DEF,688000,Blake Hardwick,,,,,,,,,,,,,,,,,,,,,,,,,,,,,,,,,
John,Noble,81,1997-03-25,DEF,605000,John Noble,,,,,,,,,,,,,,,,,,,,,,,,,,,,,,,,,
Hunter,Clark,67.8,1999-03-26,DEF/MID,528000,Hunter Clark,,,,,,,,,,,,,,,,,,,,,,,,,,,,,,,,,
Matt,Flynn,73.8,1997-09-13,RUC,623000,Matt Flynn,,,,,,,,,,,,,,,,,,,,,,,,,,,,,,,,,
Tom,Hickey,66.7,1991-03-06,RUC,559000,Tom Hickey,,,,,,,,,,,,,,,,,,,,,,,,,,,,,,,,,
Charlie,Dixon,72.3,1990-09-23,FWD,591000,Charlie Dixon,,,,,,,,,,,,,,,,,,,,,,,,,,,,,,,,,
Kamdyn,McIntosh,59.7,1994-04-03,MID,515000,Kamdyn McIntosh,,,,,,,,,,,,,,,,,,,,,,,,,,,,,,,,,
Tom,Barrass,53.9,1995-10-08,DEF,452000,Tom Barrass,,,,,,,,,,,,,,,,,,,,,,,,,,,,,,,,,
Alex,Neal-Bullen,72.7,1996-01-09,FWD,620000,Alex Neal-Bullen,,,,,,,,,,,,,,,,,,,,,,,,,,,,,,,,,
Sam,Taylor,55.9,1999-05-05,DEF,488000,Sam Taylor,,,,,,,,,,,,,,,,,,,,,,,,,,,,,,,,,
Peter,Ladhams,76.2,1998-01-14,RUC,670000,Peter Ladhams,,,,,,,,,,,,,,,,,,,,,,,,,,,,,,,,,
Paul,Seedsman,0,1992-01-22,MID,593000,Paul Seedsman,,,,,,,,,,,,,,,,,,,,,,,,,,,,,,,,,
Harry,Cunningham,55,1993-12-06,DEF/FWD,503000,Harry Cunningham,,,,,,,,,,,,,,,,,,,,,,,,,,,,,,,,,
Dom,Sheed,89.6,1995-04-10,MID,749000,Dom Sheed,,,,,,,,,,,,,,,,,,,,,,,,,,,,,,,,,
Kane,Farrell,64.5,1999-03-17,MID/DEF,551000,Kane Farrell,,,,,,,,,,,,,,,,,,,,,,,,,,,,,,,,,
Will,Hayward,63,1998-10-26,FWD,523000,Will Hayward,,,,,,,,,,,,,,,,,,,,,,,,,,,,,,,,,
Changkuoth,Jiath,56.5,1999-06-13,DEF,491000,Changkuoth Jiath,,,,,,,,,,,,,,,,,,,,,,,,,,,,,,,,,
Rory,Lobb,58.5,1993-02-09,FWD,582000,Rory Lobb,,,,,,,,,,,,,,,,,,,,,,,,,,,,,,,,,
Tristan,Xerri,66,1999-03-15,RUC,552000,Tristan Xerri,,,,,,,,,,,,,,,,,,,,,,,,,,,,,,,,,
Trent,Dumont,0,1995-06-30,MID,585000,Trent Dumont,,,,,,,,,,,,,,,,,,,,,,,,,,,,,,,,,
Dylan,Stephens,54.9,2001-01-08,MID,434000,Dylan Stephens,,,,,,,,,,,,,,,,,,,,,,,,,,,,,,,,,
Jeremy,Howe,62.9,1990-06-29,DEF,541000,Jeremy Howe,,,,,,,,,,,,,,,,,,,,,,,,,,,,,,,,,
Zach,Guthrie,70.1,1998-06-30,DEF,608000,Zach Guthrie,,,,,,,,,,,,,,,,,,,,,,,,,,,,,,,,,
Marc,Pittonet,58.7,1996-06-03,RUC,471000,Marc Pittonet,,,,,,,,,,,,,,,,,,,,,,,,,,,,,,,,,
Daniel,McKenzie,0,1996-05-17,MID,582000,Daniel McKenzie,,,,,,,,,,,,,,,,,,,,,,,,,,,,,,,,,
Zak,Jones,54.5,1995-03-15,MID,541000,Zak Jones,,,,,,,,,,,,,,,,,,,,,,,,,,,,,,,,,
Brennan,Cox,69.9,1998-08-13,DEF,593000,Brennan Cox,,,,,,,,,,,,,,,,,,,,,,,,,,,,,,,,,
Cooper,Sharman,44.4,2000-07-25,DEF/FWD,402000,Cooper Sharman,,,,,,,,,,,,,,,,,,,,,,,,,,,,,,,,,
Lachie,Ash,84.3,2001-06-21,MID/DEF,716000,Lachie Ash,,,,,,,,,,,,,,,,,,,,,,,,,,,,,,,,,
Trent,McKenzie,42.5,1992-04-03,DEF,309000,Trent McKenzie,,,,,,,,,,,,,,,,,,,,,,,,,,,,,,,,,
Liam,Shiels,77.3,1991-04-29,MID/FWD,644000,Liam Shiels,,,,,,,,,,,,,,,,,,,,,,,,,,,,,,,,,
Marlion,Pickett,50.2,1992-01-06,MID/FWD,375000,Marlion Pickett,,,,,,,,,,,,,,,,,,,,,,,,,,,,,,,,,
Lachie,Schultz,78.5,1997-11-30,FWD,729000,Lachie Schultz,,,,,,,,,,,,,,,,,,,,,,,,,,,,,,,,,
Brandon,Starcevich,49.3,1999-07-24,DEF,445000,Brandon Starcevich,,,,,,,,,,,,,,,,,,,,,,,,,,,,,,,,,
Curtis,Taylor,61.3,2000-04-06,MID/FWD,485000,Curtis Taylor,,,,,,,,,,,,,,,,,,,,,,,,,,,,,,,,,
Cam,Rayner,63.7,1999-10-21,FWD/DEF,522000,Cam Rayner,,,,,,,,,,,,,,,,,,,,,,,,,,,,,,,,,
Lincoln,McCarthy,55.5,1993-10-22,FWD,544000,Lincoln McCarthy,,,,,,,,,,,,,,,,,,,,,,,,,,,,,,,,,
Jamaine,Jones,66.6,1998-09-29,DEF,513000,Jamaine Jones,,,,,,,,,,,,,,,,,,,,,,,,,,,,,,,,,
Michael,Walters,49.4,1991-01-07,FWD,392000,Michael Walters,,,,,,,,,,,,,,,,,,,,,,,,,,,,,,,,,
Jack,Lukosius,72.1,2000-08-09,FWD,607000,Jack Lukosius,,,,,,,,,,,,,,,,,,,,,,,,,,,,,,,,,
Max,Holmes,75.9,2002-08-29,MID,587000,Max Holmes,,,,,,,,,,,,,,,,,,,,,,,,,,,,,,,,,
Lachie,Young,55.8,1999-04-06,DEF,506000,Lachie Young,,,,,,,,,,,,,,,,,,,,,,,,,,,,,,,,,
Connor,Budarick,73.5,2001-04-06,DEF,566000,Connor Budarick,,,,,,,,,,,,,,,,,,,,,,,,,,,,,,,,,
Jake,Bowey,62.3,2002-09-12,DEF,543000,Jake Bowey,,,,,,,,,,,,,,,,,,,,,,,,,,,,,,,,,
Mitch,Lewis,71.9,1998-10-14,FWD,584000,Mitch Lewis,,,,,,,,,,,,,,,,,,,,,,,,,,,,,,,,,
Adam,Kennedy,26,1992-07-12,DEF/FWD,349000,Adam Kennedy,,,,,,,,,,,,,,,,,,,,,,,,,,,,,,,,,
Jake,Stringer,62,1994-04-25,FWD,478000,Jake Stringer,,,,,,,,,,,,,,,,,,,,,,,,,,,,,,,,,
Sam,Switkowski,63.1,1996-11-20,FWD,592000,Sam Switkowski,,,,,,,,,,,,,,,,,,,,,,,,,,,,,,,,,
Nasiah,Wanganeen-Milera,91.3,2003-02-22,MID/DEF,807000,Nasiah Wanganeen-Milera,,,,,,,,,,,,,,,,,,,,,,,,,,,,,,,,,
Tom,Sparrow,66.6,2000-05-31,MID/FWD,552000,Tom Sparrow,,,,,,,,,,,,,,,,,,,,,,,,,,,,,,,,,
Jack,Ross,71.6,2000-09-03,MID,617000,Jack Ross,,,,,,,,,,,,,,,,,,,,,,,,,,,,,,,,,
Lachlan,Sholl,67.8,2000-03-07,MID,528000,Lachlan Sholl,,,,,,,,,,,,,,,,,,,,,,,,,,,,,,,,,
Jason,Horne-Francis,68,2003-06-21,MID/FWD,582000,Jason Horne-Francis,,,,,,,,,,,,,,,,,,,,,,,,,,,,,,,,,
Jack,Riewoldt,55,1988-10-31,FWD,448000,Jack Riewoldt,,,,,,,,,,,,,,,,,,,,,,,,,,,,,,,,,
Ed,Curnow,52.7,1989-11-07,MID/FWD,354000,Ed Curnow,,,,,,,,,,,,,,,,,,,,,,,,,,,,,,,,,
Jack,Darling,58.4,1992-06-13,FWD,541000,Jack Darling,,,,,,,,,,,,,,,,,,,,,,,,,,,,,,,,,
Tom,De Koning,66.3,1999-07-16,RUC,542000,Tom De Koning,,,,,,,,,,,,,,,,,,,,,,,,,,,,,,,,,
Max,King,57.7,2000-07-07,FWD,453000,Max King,,,,,,,,,,,,,,,,,,,,,,,,,,,,,,,,,
Harry,Schoenberg,50.7,2001-02-21,MID,476000,Harry Schoenberg,,,,,,,,,,,,,,,,,,,,,,,,,,,,,,,,,
Elijah,Hollands,51.1,2002-04-25,MID,457000,Elijah Hollands,,,,,,,,,,,,,,,,,,,,,,,,,,,,,,,,,
Nathan,O'Driscoll,56.5,2002-05-17,MID,522000,Nathan O'Driscoll,,,,,,,,,,,,,,,,,,,,,,,,,,,,,,,,,
Connor,West,39.9,1999-05-07,MID/FWD,381000,Connor West,,,,,,,,,,,,,,,,,,,,,,,,,,,,,,,,,
Conor,Nash,82,1998-07-28,MID,714000,Conor Nash,,,,,,,,,,,,,,,,,,,,,,,,,,,,,,,,,
Jarman,Impey,80.6,1995-07-09,DEF,691000,Jarman Impey,,,,,,,,,,,,,,,,,,,,,,,,,,,,,,,,,
Darcy,Macpherson,76.1,1997-10-29,DEF/FWD,527000,Darcy Macpherson,,,,,,,,,,,,,,,,,,,,,,,,,,,,,,,,,
Daniel,McStay,53.8,1995-06-24,FWD,487000,Daniel McStay,,,,,,,,,,,,,,,,,,,,,,,,,,,,,,,,,
Billy,Frampton,50.6,1996-11-20,DEF/RUC,369000,Billy Frampton,,,,,,,,,,,,,,,,,,,,,,,,,,,,,,,,,
Noah,Answerth,38.3,1999-08-06,DEF,428000,Noah Answerth,,,,,,,,,,,,,,,,,,,,,,,,,,,,,,,,,
Ben,Hobbs,76.5,2003-09-16,FWD/MID,642000,Ben Hobbs,,,,,,,,,,,,,,,,,,,,,,,,,,,,,,,,,
Mitch,McGovern,70.7,1994-10-11,DEF,594000,Mitch McGovern,,,,,,,,,,,,,,,,,,,,,,,,,,,,,,,,,
Jayden,Laverde,67.4,1996-04-12,DEF,581000,Jayden Laverde,,,,,,,,,,,,,,,,,,,,,,,,,,,,,,,,,
Mitchell,Hinge,75.7,1998-06-26,DEF/MID,733000,Mitchell Hinge,,,,,,,,,,,,,,,,,,,,,,,,,,,,,,,,,
Jack,Ziebell,89.6,1991-02-28,FWD/DEF,653000,Jack Ziebell,,,,,,,,,,,,,,,,,,,,,,,,,,,,,,,,,
Gryan,Miers,75.5,1999-03-30,FWD,666000,Gryan Miers,,,,,,,,,,,,,,,,,,,,,,,,,,,,,,,,,
Will,Day,95.3,2001-06-05,DEF/MID,813000,Will Day,,,,,,,,,,,,,,,,,,,,,,,,,,,,,,,,,
Josh,Goater,54.5,2003-06-02,DEF/MID,451000,Josh Goater,,,,,,,,,,,,,,,,,,,,,,,,,,,,,,,,,
Jack,Gunston,54.8,1991-10-16,FWD,470000,Jack Gunston,,,,,,,,,,,,,,,,,,,,,,,,,,,,,,,,,
Shane,McAdam,59.7,1995-05-28,FWD,523000,Shane McAdam,,,,,,,,,,,,,,,,,,,,,,,,,,,,,,,,,
Matthew,Cottrell,62.3,2000-02-29,MID/FWD,509000,Matthew Cottrell,,,,,,,,,,,,,,,,,,,,,,,,,,,,,,,,,
Ben,Paton,54.4,1998-10-19,DEF,481000,Ben Paton,,,,,,,,,,,,,,,,,,,,,,,,,,,,,,,,,
Wil,Powell,82.1,1999-08-26,DEF,757000,Wil Powell,,,,,,,,,,,,,,,,,,,,,,,,,,,,,,,,,
Jake,Riccardi,54.6,1999-11-07,FWD,447000,Jake Riccardi,,,,,,,,,,,,,,,,,,,,,,,,,,,,,,,,,
Xavier,O'Neill,53.9,2000-08-03,MID/FWD,438000,Xavier O'Neill,,,,,,,,,,,,,,,,,,,,,,,,,,,,,,,,,
Archie,Perkins,67.3,2002-03-26,FWD,534000,Archie Perkins,,,,,,,,,,,,,,,,,,,,,,,,,,,,,,,,,
Jack,Higgins,63.7,1999-03-19,FWD,532000,Jack Higgins,,,,,,,,,,,,,,,,,,,,,,,,,,,,,,,,,
Sam,Draper,66.6,1998-09-28,RUC,534000,Sam Draper,,,,,,,,,,,,,,,,,,,,,,,,,,,,,,,,,
Tom,Doedee,55.5,1997-03-01,DEF,468000,Tom Doedee,,,,,,,,,,,,,,,,,,,,,,,,,,,,,,,,,
Izak,Rankine,74.2,2000-04-23,FWD,621000,Izak Rankine,,,,,,,,,,,,,,,,,,,,,,,,,,,,,,,,,
Nick,Haynes,66.5,1992-05-18,DEF,433000,Nick Haynes,,,,,,,,,,,,,,,,,,,,,,,,,,,,,,,,,
Cameron,Zurhaar,64.5,1998-05-22,FWD,516000,Cameron Zurhaar,,,,,,,,,,,,,,,,,,,,,,,,,,,,,,,,,
Ned,Reeves,60.9,1998-10-31,RUC,586000,Ned Reeves,,,,,,,,,,,,,,,,,,,,,,,,,,,,,,,,,
Liam,Ryan,72.3,1996-10-02,FWD,582000,Liam Ryan,,,,,,,,,,,,,,,,,,,,,,,,,,,,,,,,,
Jacob,Wehr,28.8,1998-07-05,MID,382000,Jacob Wehr,,,,,,,,,,,,,,,,,,,,,,,,,,,,,,,,,
Isaac,Quaynor,68.5,2000-01-15,DEF,580000,Isaac Quaynor,,,,,,,,,,,,,,,,,,,,,,,,,,,,,,,,,
Jake,Kelly,58.9,1995-01-21,DEF,491000,Jake Kelly,,,,,,,,,,,,,,,,,,,,,,,,,,,,,,,,,
Rhylee,West,51.7,2000-07-12,FWD,479000,Rhylee West,,,,,,,,,,,,,,,,,,,,,,,,,,,,,,,,,
Mason,Cox,59.4,1991-03-14,RUC/FWD,424000,Mason Cox,,,,,,,,,,,,,,,,,,,,,,,,,,,,,,,,,
Luke,Breust,60.4,1990-11-11,FWD,520000,Luke Breust,,,,,,,,,,,,,,,,,,,,,,,,,,,,,,,,,
Jonathon,Ceglar,69.3,1991-02-14,RUC,574000,Jonathon Ceglar,,,,,,,,,,,,,,,,,,,,,,,,,,,,,,,,,
Griffin,Logue,51.9,1998-04-13,DEF/FWD,450000,Griffin Logue,,,,,,,,,,,,,,,,,,,,,,,,,,,,,,,,,
Jake,Soligo,67.6,2003-01-25,MID/FWD,587000,Jake Soligo,,,,,,,,,,,,,,,,,,,,,,,,,,,,,,,,,
Will,Hoskin-Elliott,55.5,1993-09-02,FWD/MID,415000,Will Hoskin-Elliott,,,,,,,,,,,,,,,,,,,,,,,,,,,,,,,,,
Nick,Holman,57,1995-05-29,FWD,416000,Nick Holman,,,,,,,,,,,,,,,,,,,,,,,,,,,,,,,,,
Ben,Long,43.8,1997-08-21,DEF/FWD,367000,Ben Long,,,,,,,,,,,,,,,,,,,,,,,,,,,,,,,,,
Michael,Hibberd,40.4,1990-01-03,DEF,328000,Michael Hibberd,,,,,,,,,,,,,,,,,,,,,,,,,,,,,,,,,
Jimmy,Webster,63.1,1993-06-28,DEF,531000,Jimmy Webster,,,,,,,,,,,,,,,,,,,,,,,,,,,,,,,,,
Trent,Bianco,34,2001-01-20,MID/FWD,490000,Trent Bianco,,,,,,,,,,,,,,,,,,,,,,,,,,,,,,,,,
Aidan,Corr,58.8,1994-05-17,DEF,512000,Aidan Corr,,,,,,,,,,,,,,,,,,,,,,,,,,,,,,,,,
Bailey,Williams,69.9,1997-10-10,DEF/MID,505000,Bailey Williams,,,,,,,,,,,,,,,,,,,,,,,,,,,,,,,,,
Sam,Flanders,89.6,2001-07-24,MID/FWD,851000,Sam Flanders,,,,,,,,,,,,,,,,,,,,,,,,,,,,,,,,,
Noah,Cumberland,43.2,2001-03-15,FWD,324000,Noah Cumberland,,,,,,,,,,,,,,,,,,,,,,,,,,,,,,,,,
Luke,Foley,54.6,1999-10-08,DEF,476000,Luke Foley,,,,,,,,,,,,,,,,,,,,,,,,,,,,,,,,,
Riley,Thilthorpe,52.9,2002-07-07,FWD,400000,Riley Thilthorpe,,,,,,,,,,,,,,,,,,,,,,,,,,,,,,,,,
Nick,Bryan,54.9,2001-10-22,RUC/FWD,478000,Nick Bryan,,,,,,,,,,,,,,,,,,,,,,,,,,,,,,,,,
Marcus,Adams,0,1993-06-30,DEF,503000,Marcus Adams,,,,,,,,,,,,,,,,,,,,,,,,,,,,,,,,,
Darcy,Fort,45.3,1993-08-06,RUC/FWD,386000,Darcy Fort,,,,,,,,,,,,,,,,,,,,,,,,,,,,,,,,,
Michael,Frederick,58.1,2000-05-17,FWD,477000,Michael Frederick,,,,,,,,,,,,,,,,,,,,,,,,,,,,,,,,,
Sam,Durham,63,2001-07-09,MID,548000,Sam Durham,,,,,,,,,,,,,,,,,,,,,,,,,,,,,,,,,
Willie,Rioli,54.8,1995-06-04,MID/FWD,510000,Willie Rioli,,,,,,,,,,,,,,,,,,,,,,,,,,,,,,,,,
Taylor,Duryea,50.5,1991-04-24,DEF,439000,Taylor Duryea,,,,,,,,,,,,,,,,,,,,,,,,,,,,,,,,,
Mark,O'Connor,61.9,1997-01-17,DEF/MID,540000,Mark O'Connor,,,,,,,,,,,,,,,,,,,,,,,,,,,,,,,,,
Joe,Daniher,76.2,1994-03-04,FWD,611000,Joe Daniher,,,,,,,,,,,,,,,,,,,,,,,,,,,,,,,,,
Matt,Guelfi,50.5,1997-08-14,FWD,414000,Matt Guelfi,,,,,,,,,,,,,,,,,,,,,,,,,,,,,,,,,
Darcy,Fogarty,60.4,1999-09-25,FWD,516000,Darcy Fogarty,,,,,,,,,,,,,,,,,,,,,,,,,,,,,,,,,
Darcy,Moore,63.4,1996-01-25,DEF,531000,Darcy Moore,,,,,,,,,,,,,,,,,,,,,,,,,,,,,,,,,
Matt,Taberner,41.3,1993-06-17,FWD,420000,Matt Taberner,,,,,,,,,,,,,,,,,,,,,,,,,,,,,,,,,
Kysaiah,Pickett,63.1,2001-06-02,FWD,518000,Kysaiah Pickett,,,,,,,,,,,,,,,,,,,,,,,,,,,,,,,,,
Connor,Macdonald,70.7,2003-01-13,FWD,661000,Connor Macdonald,,,,,,,,,,,,,,,,,,,,,,,,,,,,,,,,,
Chad,Wingard,60.4,1993-07-29,FWD,609000,Chad Wingard,,,,,,,,,,,,,,,,,,,,,,,,,,,,,,,,,
Lewis,Young,56.7,1998-12-20,DEF,454000,Lewis Young,,,,,,,,,,,,,,,,,,,,,,,,,,,,,,,,,
Max,Lynch,17,1998-09-12,RUC,466000,Max Lynch,,,,,,,,,,,,,,,,,,,,,,,,,,,,,,,,,
Bayley,Fritsch,63.1,1996-12-06,FWD,493000,Bayley Fritsch,,,,,,,,,,,,,,,,,,,,,,,,,,,,,,,,,
Kieran,Strachan,0,1995-10-05,RUC,495000,Kieran Strachan,,,,,,,,,,,,,,,,,,,,,,,,,,,,,,,,,
Hayden,Crozier,56.8,1993-12-24,DEF,486000,Hayden Crozier,,,,,,,,,,,,,,,,,,,,,,,,,,,,,,,,,
Brody,Mihocek,60.3,1993-02-04,FWD,485000,Brody Mihocek,,,,,,,,,,,,,,,,,,,,,,,,,,,,,,,,,
Mitch,Georgiades,61.5,2001-09-28,FWD,503000,Mitch Georgiades,,,,,,,,,,,,,,,,,,,,,,,,,,,,,,,,,
Tom,Powell,57.4,2002-03-02,MID/FWD,448000,Tom Powell,,,,,,,,,,,,,,,,,,,,,,,,,,,,,,,,,
Connor,Idun,67,2000-07-29,DEF,543000,Connor Idun,,,,,,,,,,,,,,,,,,,,,,,,,,,,,,,,,
Charlie,Ballard,57.3,1999-07-23,DEF,392000,Charlie Ballard,,,,,,,,,,,,,,,,,,,,,,,,,,,,,,,,,
Ryan,Byrnes,62,2001-05-03,MID/FWD,436000,Ryan Byrnes,,,,,,,,,,,,,,,,,,,,,,,,,,,,,,,,,
Gary,Rohan,50.2,1991-06-07,FWD,419000,Gary Rohan,,,,,,,,,,,,,,,,,,,,,,,,,,,,,,,,,
Paddy,McCartin,40,1996-04-19,DEF,436000,Paddy McCartin,,,,,,,,,,,,,,,,,,,,,,,,,,,,,,,,,
Jai,Culley,41,2003-02-24,MID,422000,Jai Culley,,,,,,,,,,,,,,,,,,,,,,,,,,,,,,,,,
Harris,Andrews,68.8,1996-12-11,DEF,550000,Harris Andrews,,,,,,,,,,,,,,,,,,,,,,,,,,,,,,,,,
Charlie,Spargo,45.5,1999-11-25,FWD,346000,Charlie Spargo,,,,,,,,,,,,,,,,,,,,,,,,,,,,,,,,,
Xavier,Duursma,66.3,2000-07-07,MID,596000,Xavier Duursma,,,,,,,,,,,,,,,,,,,,,,,,,,,,,,,,,
Sam,Wicks,56.8,1999-09-14,FWD,499000,Sam Wicks,,,,,,,,,,,,,,,,,,,,,,,,,,,,,,,,,
Tyler,Sonsie,35.7,2003-01-27,MID/FWD,432000,Tyler Sonsie,,,,,,,,,,,,,,,,,,,,,,,,,,,,,,,,,
Bailey J.,Williams,76.7,2000-04-17,RUC,599000,Bailey J. Williams,,,,,,,,,,,,,,,,,,,,,,,,,,,,,,,,,
Jaxon,Prior,43,2001-06-04,MID,398000,Jaxon Prior,,,,,,,,,,,,,,,,,,,,,,,,,,,,,,,,,
Jase,Burgoyne,35.8,2003-07-15,DEF,356000,Jase Burgoyne,,,,,,,,,,,,,,,,,,,,,,,,,,,,,,,,,
Jacob,Weitering,70.4,1997-11-23,DEF,610000,Jacob Weitering,,,,,,,,,,,,,,,,,,,,,,,,,,,,,,,,,
Jake,Waterman,74.1,1998-05-06,FWD,577000,Jake Waterman,,,,,,,,,,,,,,,,,,,,,,,,,,,,,,,,,
Jack,Payne,46.5,1999-10-15,DEF,341000,Jack Payne,,,,,,,,,,,,,,,,,,,,,,,,,,,,,,,,,
Brandon,Zerk-Thatcher,52.2,1998-08-25,DEF,472000,Brandon Zerk-Thatcher,,,,,,,,,,,,,,,,,,,,,,,,,,,,,,,,,
Brandon,Walker,38.6,2002-10-17,DEF,349000,Brandon Walker,,,,,,,,,,,,,,,,,,,,,,,,,,,,,,,,,
Finn,Maginness,43,2001-02-23,MID/DEF,361000,Finn Maginness,,,,,,,,,,,,,,,,,,,,,,,,,,,,,,,,,
Jordon,Sweet,0,1998-02-02,RUC,478000,Jordon Sweet,,,,,,,,,,,,,,,,,,,,,,,,,,,,,,,,,
Josh,Schache,25,1997-08-21,FWD,425000,Josh Schache,,,,,,,,,,,,,,,,,,,,,,,,,,,,,,,,,
Travis,Colyer,0,1991-08-24,FWD,477000,Travis Colyer,,,,,,,,,,,,,,,,,,,,,,,,,,,,,,,,,
Aliir,Aliir,50.9,1994-09-05,DEF,439000,Aliir Aliir,,,,,,,,,,,,,,,,,,,,,,,,,,,,,,,,,
Tom,Jonas,35.4,1991-01-09,DEF,327000,Tom Jonas,,,,,,,,,,,,,,,,,,,,,,,,,,,,,,,,,
Mabior,Chol,49,1997-01-29,FWD,409000,Mabior Chol,,,,,,,,,,,,,,,,,,,,,,,,,,,,,,,,,
Lachlan,Murphy,62.5,1998-12-04,FWD,550000,Lachlan Murphy,,,,,,,,,,,,,,,,,,,,,,,,,,,,,,,,,
Tarryn,Thomas,79.3,2000-03-25,MID/FWD,667000,Tarryn Thomas,,,,,,,,,,,,,,,,,,,,,,,,,,,,,,,,,
Dane,Rampe,59.6,1990-06-02,DEF,446000,Dane Rampe,,,,,,,,,,,,,,,,,,,,,,,,,,,,,,,,,
Noah,Balta,64.7,1999-10-23,DEF/FWD,595000,Noah Balta,,,,,,,,,,,,,,,,,,,,,,,,,,,,,,,,,
Josh,Bruce,41.5,1992-06-08,FWD/DEF,351000,Josh Bruce,,,,,,,,,,,,,,,,,,,,,,,,,,,,,,,,,
Lloyd,Meek,59.4,1998-04-22,RUC/FWD,484000,Lloyd Meek,,,,,,,,,,,,,,,,,,,,,,,,,,,,,,,,,
Tanner,Bruhn,70.7,2002-05-27,MID/FWD,618000,Tanner Bruhn,,,,,,,,,,,,,,,,,,,,,,,,,,,,,,,,,
Ethan,Hughes,54.5,1994-12-07,DEF/MID,455000,Ethan Hughes,,,,,,,,,,,,,,,,,,,,,,,,,,,,,,,,,
Lachie,Fogarty,61.2,1999-04-01,MID/FWD,489000,Lachie Fogarty,,,,,,,,,,,,,,,,,,,,,,,,,,,,,,,,,
Matthew,Owies,50.6,1997-03-19,FWD,456000,Matthew Owies,,,,,,,,,,,,,,,,,,,,,,,,,,,,,,,,,
Sean,Lemmens,42.3,1994-11-02,DEF,335000,Sean Lemmens,,,,,,,,,,,,,,,,,,,,,,,,,,,,,,,,,
Kieren,Briggs,94.1,1999-10-06,RUC,783000,Kieren Briggs,,,,,,,,,,,,,,,,,,,,,,,,,,,,,,,,,
Hugo,Ralphsmith,38.9,2001-11-09,DEF,266000,Hugo Ralphsmith,,,,,,,,,,,,,,,,,,,,,,,,,,,,,,,,,
Callum,Coleman-Jones,50.3,1999-06-13,RUC/FWD,424000,Callum Coleman-Jones,,,,,,,,,,,,,,,,,,,,,,,,,,,,,,,,,
Dan,Butler,59.2,1996-06-03,FWD,502000,Dan Butler,,,,,,,,,,,,,,,,,,,,,,,,,,,,,,,,,
Josh,Rotham,46.4,1998-02-25,DEF,452000,Josh Rotham,,,,,,,,,,,,,,,,,,,,,,,,,,,,,,,,,
James,Worpel,86.3,1999-01-24,MID,733000,James Worpel,,,,,,,,,,,,,,,,,,,,,,,,,,,,,,,,,
Jason,Castagna,0,1996-07-12,FWD,462000,Jason Castagna,,,,,,,,,,,,,,,,,,,,,,,,,,,,,,,,,
Josh,Rachele,71.9,2003-04-11,FWD/MID,512000,Josh Rachele,,,,,,,,,,,,,,,,,,,,,,,,,,,,,,,,,
Tim,O'Brien,52.7,1994-03-28,DEF,461000,Tim O'Brien,,,,,,,,,,,,,,,,,,,,,,,,,,,,,,,,,
Jack,Hayes,43,1996-03-06,FWD,449000,Jack Hayes,,,,,,,,,,,,,,,,,,,,,,,,,,,,,,,,,
Jack,Petruccelle,53.8,1999-04-12,FWD,449000,Jack Petruccelle,,,,,,,,,,,,,,,,,,,,,,,,,,,,,,,,,
Eric,Hipwood,59.3,1997-09-13,FWD,526000,Eric Hipwood,,,,,,,,,,,,,,,,,,,,,,,,,,,,,,,,,
Hayden,McLean,65.6,1999-01-20,FWD,614000,Hayden McLean,,,,,,,,,,,,,,,,,,,,,,,,,,,,,,,,,
Joel,Amartey,50.8,1999-09-02,FWD,429000,Joel Amartey,,,,,,,,,,,,,,,,,,,,,,,,,,,,,,,,,
Flynn,Perez,45.4,2001-08-25,DEF/MID,411000,Flynn Perez,,,,,,,,,,,,,,,,,,,,,,,,,,,,,,,,,
Roarke,Smith,0,1996-09-11,MID,457000,Roarke Smith,,,,,,,,,,,,,,,,,,,,,,,,,,,,,,,,,
Darcy,Tucker,60.8,1997-01-23,MID/FWD,514000,Darcy Tucker,,,,,,,,,,,,,,,,,,,,,,,,,,,,,,,,,
Ned,McHenry,44.5,2000-07-13,FWD,415000,Ned McHenry,,,,,,,,,,,,,,,,,,,,,,,,,,,,,,,,,
Trent,Rivers,76.5,2001-07-30,DEF,643000,Trent Rivers,,,,,,,,,,,,,,,,,,,,,,,,,,,,,,,,,
Sam,Frost,49.6,1993-08-28,DEF,359000,Sam Frost,,,,,,,,,,,,,,,,,,,,,,,,,,,,,,,,,
Sam,Collins,54.4,1994-06-15,DEF,406000,Sam Collins,,,,,,,,,,,,,,,,,,,,,,,,,,,,,,,,,
Jy,Farrar,36.9,1996-12-07,DEF,297000,Jy Farrar,,,,,,,,,,,,,,,,,,,,,,,,,,,,,,,,,
Paul,Curtis,43.9,2003-03-04,FWD,440000,Paul Curtis,,,,,,,,,,,,,,,,,,,,,,,,,,,,,,,,,
Jack,Ginnivan,45.7,2002-12-09,FWD,372000,Jack Ginnivan,,,,,,,,,,,,,,,,,,,,,,,,,,,,,,,,,
Jack,Martin,54.1,1995-01-29,FWD,505000,Jack Martin,,,,,,,,,,,,,,,,,,,,,,,,,,,,,,,,,
Jake,Lever,54.7,1996-03-05,DEF,471000,Jake Lever,,,,,,,,,,,,,,,,,,,,,,,,,,,,,,,,,
Oskar,Baker,60.2,1998-05-25,MID,446000,Oskar Baker,,,,,,,,,,,,,,,,,,,,,,,,,,,,,,,,,
Nick,Larkey,60,1998-06-06,FWD,565000,Nick Larkey,,,,,,,,,,,,,,,,,,,,,,,,,,,,,,,,,
Sam,Hayes,50.5,1999-06-09,RUC,449000,Sam Hayes,,,,,,,,,,,,,,,,,,,,,,,,,,,,,,,,,
Robbie,McComb,18,1995-12-19,MID/FWD,326000,Robbie McComb,,,,,,,,,,,,,,,,,,,,,,,,,,,,,,,,,
Brady,Hough,61.5,2003-03-05,DEF/MID,578000,Brady Hough,,,,,,,,,,,,,,,,,,,,,,,,,,,,,,,,,
Alex,Keath,51.4,1992-01-20,DEF,444000,Alex Keath,,,,,,,,,,,,,,,,,,,,,,,,,,,,,,,,,
Deven,Robertson,38.6,2001-06-30,MID/FWD,345000,Deven Robertson,,,,,,,,,,,,,,,,,,,,,,,,,,,,,,,,,
Tom,Campbell,0,1991-11-02,RUC/FWD,448000,Tom Campbell,,,,,,,,,,,,,,,,,,,,,,,,,,,,,,,,,
Marcus,Windhager,63.2,2003-05-16,MID/FWD,645000,Marcus Windhager,,,,,,,,,,,,,,,,,,,,,,,,,,,,,,,,,
Jake,Melksham,48.8,1991-08-29,FWD,469000,Jake Melksham,,,,,,,,,,,,,,,,,,,,,,,,,,,,,,,,,
Elliott,Himmelberg,46,1998-06-04,FWD,431000,Elliott Himmelberg,,,,,,,,,,,,,,,,,,,,,,,,,,,,,,,,,
Cody,Weightman,58.4,2001-01-15,FWD,444000,Cody Weightman,,,,,,,,,,,,,,,,,,,,,,,,,,,,,,,,,
Jack,Henry,49.5,1998-08-29,DEF,422000,Jack Henry,,,,,,,,,,,,,,,,,,,,,,,,,,,,,,,,,
Massimo,D'Ambrosio,41.8,2003-06-05,DEF,336000,Massimo D'Ambrosio,,,,,,,,,,,,,,,,,,,,,,,,,,,,,,,,,
Ben,Brown,50.7,1992-11-20,FWD,409000,Ben Brown,,,,,,,,,,,,,,,,,,,,,,,,,,,,,,,,,
Darcy,Gardiner,39.5,1995-09-22,DEF,416000,Darcy Gardiner,,,,,,,,,,,,,,,,,,,,,,,,,,,,,,,,,
Anthony,Scott,48.5,1995-02-28,MID/FWD,397000,Anthony Scott,,,,,,,,,,,,,,,,,,,,,,,,,,,,,,,,,
Wayne,Milera,71.4,1997-09-14,FWD/DEF,670000,Wayne Milera,,,,,,,,,,,,,,,,,,,,,,,,,,,,,,,,,
James,Peatling,48,2000-08-21,FWD,416000,James Peatling,,,,,,,,,,,,,,,,,,,,,,,,,,,,,,,,,
Jacob,Koschitzke,48.8,2000-07-11,FWD,457000,Jacob Koschitzke,,,,,,,,,,,,,,,,,,,,,,,,,,,,,,,,,
Oliver,Henry,55.9,2002-07-29,FWD,488000,Oliver Henry,,,,,,,,,,,,,,,,,,,,,,,,,,,,,,,,,
Beau,McCreery,52.4,2001-04-19,FWD,460000,Beau McCreery,,,,,,,,,,,,,,,,,,,,,,,,,,,,,,,,,
Sam,Petrevski-Seton,57.2,1998-02-19,FWD,476000,Sam Petrevski-Seton,,,,,,,,,,,,,,,,,,,,,,,,,,,,,,,,,
Sam,Darcy,20,2003-07-19,DEF/FWD,336000,Sam Darcy,,,,,,,,,,,,,,,,,,,,,,,,,,,,,,,,,
Kallan,Dawson,34,1998-07-22,DEF,420000,Kallan Dawson,,,,,,,,,,,,,,,,,,,,,,,,,,,,,,,,,
Daniel,Lloyd,56.2,1992-02-18,FWD,478000,Daniel Lloyd,,,,,,,,,,,,,,,,,,,,,,,,,,,,,,,,,
Logan,McDonald,54.7,2002-04-04,FWD,458000,Logan McDonald,,,,,,,,,,,,,,,,,,,,,,,,,,,,,,,,,
Callum,Ah Chee,50.9,1997-10-09,MID,466000,Callum Ah Chee,,,,,,,,,,,,,,,,,,,,,,,,,,,,,,,,,
Dougal,Howard,52.8,1996-03-25,DEF,478000,Dougal Howard,,,,,,,,,,,,,,,,,,,,,,,,,,,,,,,,,
Ivan,Soldo,78.6,1996-04-14,RUC/FWD,595000,Ivan Soldo,,,,,,,,,,,,,,,,,,,,,,,,,,,,,,,,,
Tom,Highmore,0,1998-02-24,DEF,428000,Tom Highmore,,,,,,,,,,,,,,,,,,,,,,,,,,,,,,,,,
Chayce,Jones,67.3,2000-01-14,DEF/MID,551000,Chayce Jones,,,,,,,,,,,,,,,,,,,,,,,,,,,,,,,,,
Jason,Johannisen,73.5,1992-11-08,FWD/DEF,635000,Jason Johannisen,,,,,,,,,,,,,,,,,,,,,,,,,,,,,,,,,
Mitch,Hannan,36.7,1994-03-09,DEF,341000,Mitch Hannan,,,,,,,,,,,,,,,,,,,,,,,,,,,,,,,,,
Mitchito,Owens,73.9,2003-09-24,FWD,576000,Mitchito Owens,,,,,,,,,,,,,,,,,,,,,,,,,,,,,,,,,
Ash,Johnson,45.7,1997-10-06,FWD,348000,Ash Johnson,,,,,,,,,,,,,,,,,,,,,,,,,,,,,,,,,
Luke,Cleary,31,2002-03-05,DEF,410000,Luke Cleary,,,,,,,,,,,,,,,,,,,,,,,,,,,,,,,,,
Jackson,Mead,35.9,2001-09-30,MID/FWD,327000,Jackson Mead,,,,,,,,,,,,,,,,,,,,,,,,,,,,,,,,,
Patrick,Parnell,43.6,2002-03-04,DEF,399000,Patrick Parnell,,,,,,,,,,,,,,,,,,,,,,,,,,,,,,,,,
Nik,Cox,44.2,2002-01-15,MID,374000,Nik Cox,,,,,,,,,,,,,,,,,,,,,,,,,,,,,,,,,
Alex,Sexton,24.8,1993-12-03,FWD,240000,Alex Sexton,,,,,,,,,,,,,,,,,,,,,,,,,,,,,,,,,
Jake,Kolodjashnij,49.3,1995-08-09,DEF,359000,Jake Kolodjashnij,,,,,,,,,,,,,,,,,,,,,,,,,,,,,,,,,
Ryan,Clarke,36.1,1997-06-17,FWD,226000,Ryan Clarke,,,,,,,,,,,,,,,,,,,,,,,,,,,,,,,,,
Sam,De Koning,47.9,2001-02-26,DEF,466000,Sam De Koning,,,,,,,,,,,,,,,,,,,,,,,,,,,,,,,,,
Josh,Carmichael,8,1999-09-23,MID/FWD,390000,Josh Carmichael,,,,,,,,,,,,,,,,,,,,,,,,,,,,,,,,,
Jamarra,Ugle-Hagan,60,2002-04-04,FWD,542000,Jamarra Ugle-Hagan,,,,,,,,,,,,,,,,,,,,,,,,,,,,,,,,,
Kayne,Turner,46.5,1995-12-31,DEF/FWD,403000,Kayne Turner,,,,,,,,,,,,,,,,,,,,,,,,,,,,,,,,,
Adam,Tomlinson,54.5,1993-08-10,DEF,442000,Adam Tomlinson,,,,,,,,,,,,,,,,,,,,,,,,,,,,,,,,,
Nakia,Cockatoo,0,1996-10-23,FWD,418000,Nakia Cockatoo,,,,,,,,,,,,,,,,,,,,,,,,,,,,,,,,,
Joel,Jeffrey,51.4,2002-03-12,FWD,440000,Joel Jeffrey,,,,,,,,,,,,,,,,,,,,,,,,,,,,,,,,,
Neil,Erasmus,51.7,2003-12-02,MID,437000,Neil Erasmus,,,,,,,,,,,,,,,,,,,,,,,,,,,,,,,,,
Lachlan,McNeil,27.5,2001-09-02,MID/FWD,270000,Lachlan McNeil,,,,,,,,,,,,,,,,,,,,,,,,,,,,,,,,,
Greg,Clark,42.3,1997-05-24,MID,302000,Greg Clark,,,,,,,,,,,,,,,,,,,,,,,,,,,,,,,,,
Nathan,Wilson,59.8,1993-01-07,DEF,480000,Nathan Wilson,,,,,,,,,,,,,,,,,,,,,,,,,,,,,,,,,
Ryan,Gardner,38.8,1997-06-01,DEF,320000,Ryan Gardner,,,,,,,,,,,,,,,,,,,,,,,,,,,,,,,,,
Zach,Reid,0,2002-03-02,DEF,411000,Zach Reid,,,,,,,,,,,,,,,,,,,,,,,,,,,,,,,,,
Braeden,Campbell,65.2,2002-02-04,DEF,559000,Braeden Campbell,,,,,,,,,,,,,,,,,,,,,,,,,,,,,,,,,
Tom,Clurey,16,1994-03-23,DEF,386000,Tom Clurey,,,,,,,,,,,,,,,,,,,,,,,,,,,,,,,,,
Harry,Edwards,33.5,2000-10-01,DEF,377000,Harry Edwards,,,,,,,,,,,,,,,,,,,,,,,,,,,,,,,,,
Lachie,Plowman,55,1994-09-11,DEF,411000,Lachie Plowman,,,,,,,,,,,,,,,,,,,,,,,,,,,,,,,,,
Finn,Callaghan,75.8,2003-04-26,MID,667000,Finn Callaghan,,,,,,,,,,,,,,,,,,,,,,,,,,,,,,,,,
Alex,Pearce,44.2,1995-06-09,DEF,363000,Alex Pearce,,,,,,,,,,,,,,,,,,,,,,,,,,,,,,,,,
Malcolm,Rosas,45.2,2001-06-27,FWD,427000,Malcolm Rosas,,,,,,,,,,,,,,,,,,,,,,,,,,,,,,,,,
Callum M.,Brown,52.8,2000-08-15,DEF/FWD,461000,Callum M. Brown,,,,,,,,,,,,,,,,,,,,,,,,,,,,,,,,,
Lachlan,Gollant,52.8,2001-09-12,FWD,411000,Lachlan Gollant,,,,,,,,,,,,,,,,,,,,,,,,,,,,,,,,,
Laitham,Vandermeer,53.1,1999-02-03,FWD,461000,Laitham Vandermeer,,,,,,,,,,,,,,,,,,,,,,,,,,,,,,,,,
Toby,McLean,34.8,1996-01-31,MID/FWD,323000,Toby McLean,,,,,,,,,,,,,,,,,,,,,,,,,,,,,,,,,
Jed,Bews,40.1,1993-12-14,DEF,338000,Jed Bews,,,,,,,,,,,,,,,,,,,,,,,,,,,,,,,,,
Orazio,Fantasia,37.7,1995-09-14,FWD,379000,Orazio Fantasia,,,,,,,,,,,,,,,,,,,,,,,,,,,,,,,,,
Rhett,Bazzo,30.3,2003-10-17,DEF,295000,Rhett Bazzo,,,,,,,,,,,,,,,,,,,,,,,,,,,,,,,,,
Sam,Weideman,47.6,1997-06-26,FWD,348000,Sam Weideman,,,,,,,,,,,,,,,,,,,,,,,,,,,,,,,,,
Jeremy,Sharp,0,2001-08-13,MID,398000,Jeremy Sharp,,,,,,,,,,,,,,,,,,,,,,,,,,,,,,,,,
Nathan,Murphy,44.2,1999-12-15,DEF,350000,Nathan Murphy,,,,,,,,,,,,,,,,,,,,,,,,,,,,,,,,,
Buku,Khamis,15,2000-03-24,DEF/FWD,373000,Buku Khamis,,,,,,,,,,,,,,,,,,,,,,,,,,,,,,,,,
Jack,Carroll,13,2002-12-20,FWD,370000,Jack Carroll,,,,,,,,,,,,,,,,,,,,,,,,,,,,,,,,,
Cooper,Hamilton,47,2003-09-24,DEF/MID,405000,Cooper Hamilton,,,,,,,,,,,,,,,,,,,,,,,,,,,,,,,,,
Brodie,Kemp,70.1,2001-05-01,DEF/FWD,586000,Brodie Kemp,,,,,,,,,,,,,,,,,,,,,,,,,,,,,,,,,
Levi,Casboult,55.4,1990-03-15,FWD,504000,Levi Casboult,,,,,,,,,,,,,,,,,,,,,,,,,,,,,,,,,
Cooper,Stephens,0,2001-01-17,MID,390000,Cooper Stephens,,,,,,,,,,,,,,,,,,,,,,,,,,,,,,,,,
Alex,Davies,55.4,2002-03-18,MID/FWD,459000,Alex Davies,,,,,,,,,,,,,,,,,,,,,,,,,,,,,,,,,
Dylan,Grimes,37.1,1991-07-16,DEF,289000,Dylan Grimes,,,,,,,,,,,,,,,,,,,,,,,,,,,,,,,,,
Lachie,Jones,44.6,2002-04-09,DEF/FWD,341000,Lachie Jones,,,,,,,,,,,,,,,,,,,,,,,,,,,,,,,,,
Ben,McKay,52.6,1997-12-24,DEF,441000,Ben McKay,,,,,,,,,,,,,,,,,,,,,,,,,,,,,,,,,
Jack,Mahony,47.5,2001-11-12,FWD,395000,Jack Mahony,,,,,,,,,,,,,,,,,,,,,,,,,,,,,,,,,
Conor,McKenna,65.1,1996-03-28,DEF,542000,Conor McKenna,,,,,,,,,,,,,,,,,,,,,,,,,,,,,,,,,
Ben,Miller,45.4,1999-08-31,DEF/RUC,370000,Ben Miller,,,,,,,,,,,,,,,,,,,,,,,,,,,,,,,,,
Brynn,Teakle,58.8,1999-10-16,RUC,449000,Brynn Teakle,,,,,,,,,,,,,,,,,,,,,,,,,,,,,,,,,
Jayden,Hunt,76.7,1995-04-03,DEF/MID,652000,Jayden Hunt,,,,,,,,,,,,,,,,,,,,,,,,,,,,,,,,,
Nick,Coffield,0,1999-10-23,DEF,379000,Nick Coffield,,,,,,,,,,,,,,,,,,,,,,,,,,,,,,,,,
Paddy,Dow,56.7,1999-10-16,MID,534000,Paddy Dow,,,,,,,,,,,,,,,,,,,,,,,,,,,,,,,,,
Chris,Burgess,22,1995-11-26,DEF/FWD,356000,Chris Burgess,,,,,,,,,,,,,,,,,,,,,,,,,,,,,,,,,
Bobby,Hill,50.1,2000-02-09,FWD,420000,Bobby Hill,,,,,,,,,,,,,,,,,,,,,,,,,,,,,,,,,
Josh,Corbett,35.2,1996-04-23,FWD,329000,Josh Corbett,,,,,,,,,,,,,,,,,,,,,,,,,,,,,,,,,
Harrison,Jones,42.8,2001-02-25,FWD,373000,Harrison Jones,,,,,,,,,,,,,,,,,,,,,,,,,,,,,,,,,
Corey,Durdin,49.5,2002-04-14,FWD,397000,Corey Durdin,,,,,,,,,,,,,,,,,,,,,,,,,,,,,,,,,
Phil,Davis,0,1990-08-30,DEF,369000,Phil Davis,,,,,,,,,,,,,,,,,,,,,,,,,,,,,,,,,
Luke,Edwards,47.1,2002-01-12,MID/FWD,412000,Luke Edwards,,,,,,,,,,,,,,,,,,,,,,,,,,,,,,,,,
Brayden,Cook,63,2002-07-18,MID,382000,Brayden Cook,,,,,,,,,,,,,,,,,,,,,,,,,,,,,,,,,
Sam,Day,35,1992-09-06,FWD,350000,Sam Day,,,,,,,,,,,,,,,,,,,,,,,,,,,,,,,,,
James,Stewart,0,1994-03-04,DEF,367000,James Stewart,,,,,,,,,,,,,,,,,,,,,,,,,,,,,,,,,
Andrew,McPherson,0,1999-06-20,DEF,367000,Andrew McPherson,,,,,,,,,,,,,,,,,,,,,,,,,,,,,,,,,
Harrison,Petty,51.8,1999-11-12,DEF/FWD,452000,Harrison Petty,,,,,,,,,,,,,,,,,,,,,,,,,,,,,,,,,
Charlie,Lazzaro,33.3,2002-03-25,FWD,291000,Charlie Lazzaro,,,,,,,,,,,,,,,,,,,,,,,,,,,,,,,,,
Thomson,Dow,55,2001-10-16,MID,406000,Thomson Dow,,,,,,,,,,,,,,,,,,,,,,,,,,,,,,,,,
Josh,Worrell,59.1,2001-04-11,DEF,466000,Josh Worrell,,,,,,,,,,,,,,,,,,,,,,,,,,,,,,,,,
Maurice,Rioli,29.7,2002-09-01,FWD,249000,Maurice Rioli,,,,,,,,,,,,,,,,,,,,,,,,,,,,,,,,,
Jed,McEntee,41.3,2001-02-15,FWD,319000,Jed McEntee,,,,,,,,,,,,,,,,,,,,,,,,,,,,,,,,,
Xavier,O'Halloran,60.9,2000-07-11,MID/FWD,501000,Xavier O'Halloran,,,,,,,,,,,,,,,,,,,,,,,,,,,,,,,,,
Josh,Gibcus,0,2003-04-04,DEF,359000,Josh Gibcus,,,,,,,,,,,,,,,,,,,,,,,,,,,,,,,,,
Josh,Honey,36.5,2001-10-17,FWD,324000,Josh Honey,,,,,,,,,,,,,,,,,,,,,,,,,,,,,,,,,
Oscar,Allen,64.1,1999-03-19,FWD,543000,Oscar Allen,,,,,,,,,,,,,,,,,,,,,,,,,,,,,,,,,
Toby,Bedford,63.7,2000-05-27,FWD,572000,Toby Bedford,,,,,,,,,,,,,,,,,,,,,,,,,,,,,,,,,
Tom,McCartin,45.7,1999-12-30,DEF,382000,Tom McCartin,,,,,,,,,,,,,,,,,,,,,,,,,,,,,,,,,
Leek,Aleer,0,2001-08-21,DEF,358000,Leek Aleer,,,,,,,,,,,,,,,,,,,,,,,,,,,,,,,,,
Robbie,Tarrant,0,1989-04-25,DEF,357000,Robbie Tarrant,,,,,,,,,,,,,,,,,,,,,,,,,,,,,,,,,
Ryan,Lester,63.1,1992-08-26,DEF,573000,Ryan Lester,,,,,,,,,,,,,,,,,,,,,,,,,,,,,,,,,
Rhyan,Mansell,41.2,2000-06-04,DEF/FWD,330000,Rhyan Mansell,,,,,,,,,,,,,,,,,,,,,,,,,,,,,,,,,
Ned,Long,41.8,2003-02-05,MID,361000,Ned Long,,,,,,,,,,,,,,,,,,,,,,,,,,,,,,,,,
Jordan,Boyd,48.5,1998-09-22,DEF,408000,Jordan Boyd,,,,,,,,,,,,,,,,,,,,,,,,,,,,,,,,,
Jesse,Motlop,49.7,2003-11-23,FWD,423000,Jesse Motlop,,,,,,,,,,,,,,,,,,,,,,,,,,,,,,,,,
Bailey,Banfield,47.5,1998-02-26,FWD,385000,Bailey Banfield,,,,,,,,,,,,,,,,,,,,,,,,,,,,,,,,,
Mac,Andrew,48.9,2003-12-04,DEF,427000,Mac Andrew,,,,,,,,,,,,,,,,,,,,,,,,,,,,,,,,,
Lachlan,Keeffe,32.3,1990-04-14,DEF,249000,Lachlan Keeffe,,,,,,,,,,,,,,,,,,,,,,,,,,,,,,,,,
Tom,Cole,65.9,1997-05-28,DEF,571000,Tom Cole,,,,,,,,,,,,,,,,,,,,,,,,,,,,,,,,,
Callum,Jamieson,40.3,2000-07-31,RUC,325000,Callum Jamieson,,,,,,,,,,,,,,,,,,,,,,,,,,,,,,,,,
Aaron,Francis,44.5,1997-08-10,DEF/FWD,375000,Aaron Francis,,,,,,,,,,,,,,,,,,,,,,,,,,,,,,,,,
Rory,Atkins,74.7,1994-07-12,DEF/MID,645000,Rory Atkins,,,,,,,,,,,,,,,,,,,,,,,,,,,,,,,,,
Will,Hamill,0,2000-11-17,DEF,342000,Will Hamill,,,,,,,,,,,,,,,,,,,,,,,,,,,,,,,,,
Liam,Henry,76.8,2001-08-28,MID/FWD,688000,Liam Henry,,,,,,,,,,,,,,,,,,,,,,,,,,,,,,,,,
Riley,Garcia,37,2001-01-30,FWD,340000,Riley Garcia,,,,,,,,,,,,,,,,,,,,,,,,,,,,,,,,,
Eddie,Ford,57.6,2002-06-21,FWD,476000,Eddie Ford,,,,,,,,,,,,,,,,,,,,,,,,,,,,,,,,,
Jye,Amiss,47.9,2003-07-31,FWD,402000,Jye Amiss,,,,,,,,,,,,,,,,,,,,,,,,,,,,,,,,,
Anthony,McDonald-Tipungwuti,34.4,1993-04-22,FWD,309000,Anthony McDonald-Tipungwuti,,,,,,,,,,,,,,,,,,,,,,,,,,,,,,,,,
Caleb,Graham,0,2000-09-12,DEF,335000,Caleb Graham,,,,,,,,,,,,,,,,,,,,,,,,,,,,,,,,,
Esava,Ratugolea,40.5,1998-07-24,RUC/FWD,318000,Esava Ratugolea,,,,,,,,,,,,,,,,,,,,,,,,,,,,,,,,,
Charlie,Constable,84,1999-05-18,DEF/MID,422000,Charlie Constable,,,,,,,,,,,,,,,,,,,,,,,,,,,,,,,,,
Trey,Ruscoe,58,2001-11-03,DEF,345000,Trey Ruscoe,,,,,,,,,,,,,,,,,,,,,,,,,,,,,,,,,
Sam,Simpson,39.7,1998-06-14,MID/FWD,342000,Sam Simpson,,,,,,,,,,,,,,,,,,,,,,,,,,,,,,,,,
Tom,Wilson,22,1997-06-24,DEF/FWD,314000,Tom Wilson,,,,,,,,,,,,,,,,,,,,,,,,,,,,,,,,,
Emerson,Jeka,0,2001-09-18,DEF/FWD,322000,Emerson Jeka,,,,,,,,,,,,,,,,,,,,,,,,,,,,,,,,,
Liam,Jones,42.6,1991-02-24,DEF,355000,Liam Jones,,,,,,,,,,,,,,,,,,,,,,,,,,,,,,,,,
Jordon,Butts,33.4,1999-12-31,DEF,263000,Jordon Butts,,,,,,,,,,,,,,,,,,,,,,,,,,,,,,,,,
Brent,Daniels,70.2,1999-03-09,FWD,580000,Brent Daniels,,,,,,,,,,,,,,,,,,,,,,,,,,,,,,,,,
Ben,King,45.6,2000-07-07,FWD,338000,Ben King,,,,,,,,,,,,,,,,,,,,,,,,,,,,,,,,,
Nathan,Kreuger,10,1999-06-25,FWD,263000,Nathan Kreuger,,,,,,,,,,,,,,,,,,,,,,,,,,,,,,,,,
Jackson,Archer,32.8,2003-01-09,DEF,287000,Jackson Archer,,,,,,,,,,,,,,,,,,,,,,,,,,,,,,,,,
Sam,Butler,46.6,2003-02-10,FWD,380000,Sam Butler,,,,,,,,,,,,,,,,,,,,,,,,,,,,,,,,,
Josh,Treacy,52.3,2002-08-04,FWD,479000,Josh Treacy,,,,,,,,,,,,,,,,,,,,,,,,,,,,,,,,,
Isiah,Winder,0,2002-05-16,FWD,309000,Isiah Winder,,,,,,,,,,,,,,,,,,,,,,,,,,,,,,,,,
Jack,Buckley,57.2,1997-12-17,DEF,451000,Jack Buckley,,,,,,,,,,,,,,,,,,,,,,,,,,,,,,,,,
David,Cuningham,59.3,1997-03-30,MID/FWD,478000,David Cuningham,,,,,,,,,,,,,,,,,,,,,,,,,,,,,,,,,
Aiden,Begg,0,2002-10-08,RUC/FWD,306000,Aiden Begg,,,,,,,,,,,,,,,,,,,,,,,,,,,,,,,,,
Jack,Bytel,34,2000-03-14,MID,273000,Jack Bytel,,,,,,,,,,,,,,,,,,,,,,,,,,,,,,,,,
Carter,Michael,0,2002-05-22,DEF,304000,Carter Michael,,,,,,,,,,,,,,,,,,,,,,,,,,,,,,,,,
Mitch,Knevitt,51.3,2003-01-08,MID,436000,Mitch Knevitt,,,,,,,,,,,,,,,,,,,,,,,,,,,,,,,,,
Zaine,Cordy,39.2,1996-10-27,DEF/FWD,349000,Zaine Cordy,,,,,,,,,,,,,,,,,,,,,,,,,,,,,,,,,
Aaron,Cadman,24.5,2004-03-03,FWD,200000,Aaron Cadman,,,,,,,,,,,,,,,,,,,,,,,,,,,,,,,,,
Caleb,Marchbank,56,1996-12-07,DEF,412000,Caleb Marchbank,,,,,,,,,,,,,,,,,,,,,,,,,,,,,,,,,
Joel,Smith,34.8,1996-02-25,DEF,287000,Joel Smith,,,,,,,,,,,,,,,,,,,,,,,,,,,,,,,,,
Nick,Murray,39.9,2000-12-18,DEF,320000,Nick Murray,,,,,,,,,,,,,,,,,,,,,,,,,,,,,,,,,
Will,Ashcroft,82.9,2004-05-06,MID,722000,Will Ashcroft,,,,,,,,,,,,,,,,,,,,,,,,,,,,,,,,,
Denver,Grainger-Barras,25.9,2002-04-17,DEF,228000,Denver Grainger-Barras,,,,,,,,,,,,,,,,,,,,,,,,,,,,,,,,,
Judson,Clarke,39.7,2003-10-17,FWD,300000,Judson Clarke,,,,,,,,,,,,,,,,,,,,,,,,,,,,,,,,,
Harry,Sheezel,97.3,2004-10-13,FWD/DEF,811000,Harry Sheezel,,,,,,,,,,,,,,,,,,,,,,,,,,,,,,,,,
James,Madden,18,1999-11-15,DEF,258000,James Madden,,,,,,,,,,,,,,,,,,,,,,,,,,,,,,,,,
George,Wardlaw,65,2004-06-11,MID,501000,George Wardlaw,,,,,,,,,,,,,,,,,,,,,,,,,,,,,,,,,
Lewis,Melican,40.9,1996-11-04,DEF,347000,Lewis Melican,,,,,,,,,,,,,,,,,,,,,,,,,,,,,,,,,
Tom,Fullarton,0,1999-02-23,FWD,292000,Tom Fullarton,,,,,,,,,,,,,,,,,,,,,,,,,,,,,,,,,
James,Tunstill,16,2003-07-18,MID,259000,James Tunstill,,,,,,,,,,,,,,,,,,,,,,,,,,,,,,,,,
Elijah,Tsatas,64.3,2004-10-18,MID,424000,Elijah Tsatas,,,,,,,,,,,,,,,,,,,,,,,,,,,,,,,,,
Finlay,Macrae,47,2002-03-13,MID/FWD,297000,Finlay Macrae,,,,,,,,,,,,,,,,,,,,,,,,,,,,,,,,,
Bailey,Humphrey,51.3,2004-09-11,MID/FWD,383000,Bailey Humphrey,,,,,,,,,,,,,,,,,,,,,,,,,,,,,,,,,
Jake,Stein,0,1994-01-17,DEF,288000,Jake Stein,,,,,,,,,,,,,,,,,,,,,,,,,,,,,,,,,
Cam,Mackenzie,48.6,2004-01-21,MID/FWD,352000,Cam Mackenzie,,,,,,,,,,,,,,,,,,,,,,,,,,,,,,,,,
Thomas,Berry,33,2000-05-01,FWD,289000,Thomas Berry,,,,,,,,,,,,,,,,,,,,,,,,,,,,,,,,,
Jhye,Clark,36,2004-07-23,MID,287000,Jhye Clark,,,,,,,,,,,,,,,,,,,,,,,,,,,,,,,,,
Corey,Wagner,72.8,1997-03-23,DEF/MID,599000,Corey Wagner,,,,,,,,,,,,,,,,,,,,,,,,,,,,,,,,,
Reuben,Ginbey,57.9,2004-09-10,DEF/MID,445000,Reuben Ginbey,,,,,,,,,,,,,,,,,,,,,,,,,,,,,,,,,
Jye,Menzie,43.8,2002-10-28,FWD,362000,Jye Menzie,,,,,,,,,,,,,,,,,,,,,,,,,,,,,,,,,
Mattaes,Phillipou,52.2,2004-12-27,MID/FWD,439000,Mattaes Phillipou,,,,,,,,,,,,,,,,,,,,,,,,,,,,,,,,,
Hewago Paul,Oea,38.5,2001-11-13,FWD,322000,Hewago Paul Oea,,,,,,,,,,,,,,,,,,,,,,,,,,,,,,,,,
Reef,McInnes,20.6,2002-12-12,FWD,209000,Reef McInnes,,,,,,,,,,,,,,,,,,,,,,,,,,,,,,,,,
Oliver,Hollands,58.2,2004-01-16,MID,476000,Oliver Hollands,,,,,,,,,,,,,,,,,,,,,,,,,,,,,,,,,
Dominic,Bedendo,0,2002-07-09,MID,279000,Dominic Bedendo,,,,,,,,,,,,,,,,,,,,,,,,,,,,,,,,,
Jaspa,Fletcher,50.3,2004-02-24,MID,375000,Jaspa Fletcher,,,,,,,,,,,,,,,,,,,,,,,,,,,,,,,,,
Jedd,Busslinger,0,2004-03-11,DEF,276000,Jedd Busslinger,,,,,,,,,,,,,,,,,,,,,,,,,,,,,,,,,
Francis,Evans,39,2001-08-23,FWD,356000,Francis Evans,,,,,,,,,,,,,,,,,,,,,,,,,,,,,,,,,
Elijah,Hewett,46.3,2004-05-27,MID,456000,Elijah Hewett,,,,,,,,,,,,,,,,,,,,,,,,,,,,,,,,,
Matthew,Jefferson,0,2004-03-08,FWD,272000,Matthew Jefferson,,,,,,,,,,,,,,,,,,,,,,,,,,,,,,,,,
James,Blanck,24.3,2000-11-20,DEF,200000,James Blanck,,,,,,,,,,,,,,,,,,,,,,,,,,,,,,,,,
Leo,Connolly,0,2001-08-07,DEF,270000,Leo Connolly,,,,,,,,,,,,,,,,,,,,,,,,,,,,,,,,,
Will,Phillips,66.8,2002-05-22,MID/FWD,606000,Will Phillips,,,,,,,,,,,,,,,,,,,,,,,,,,,,,,,,,
Harry,Rowston,29.4,2004-08-12,MID,258000,Harry Rowston,,,,,,,,,,,,,,,,,,,,,,,,,,,,,,,,,
Max,Michalanney,52.4,2004-02-26,DEF,444000,Max Michalanney,,,,,,,,,,,,,,,,,,,,,,,,,,,,,,,,,
Aiden,Bonar,43,1999-03-08,DEF,297000,Aiden Bonar,,,,,,,,,,,,,,,,,,,,,,,,,,,,,,,,,
Tyler,Brockman,51.5,2002-11-22,FWD,451000,Tyler Brockman,,,,,,,,,,,,,,,,,,,,,,,,,,,,,,,,,
Josh,Weddle,64.5,2004-05-25,DEF,549000,Josh Weddle,,,,,,,,,,,,,,,,,,,,,,,,,,,,,,,,,
Edward,Allan,0,2004-05-26,MID,264000,Edward Allan,,,,,,,,,,,,,,,,,,,,,,,,,,,,,,,,,
Jacob,Konstanty,0,2004-11-09,FWD,262000,Jacob Konstanty,,,,,,,,,,,,,,,,,,,,,,,,,,,,,,,,,
Darcy,Jones,0,2004-04-03,MID,260000,Darcy Jones,,,,,,,,,,,,,,,,,,,,,,,,,,,,,,,,,
Charlie,Comben,41.1,2001-07-20,FWD,340000,Charlie Comben,,,,,,,,,,,,,,,,,,,,,,,,,,,,,,,,,
Max,Gruzewski,0,2004-07-21,DEF,258000,Max Gruzewski,,,,,,,,,,,,,,,,,,,,,,,,,,,,,,,,,
Harry,Barnett,9,2004-01-22,RUC,241000,Harry Barnett,,,,,,,,,,,,,,,,,,,,,,,,,,,,,,,,,
Kaine,Baldwin,42,2002-05-30,FWD,330000,Kaine Baldwin,,,,,,,,,,,,,,,,,,,,,,,,,,,,,,,,,
Charlie,Clarke,0,2004-01-04,FWD,254000,Charlie Clarke,,,,,,,,,,,,,,,,,,,,,,,,,,,,,,,,,
Conor,Stone,17.7,2002-04-22,FWD,218000,Conor Stone,,,,,,,,,,,,,,,,,,,,,,,,,,,,,,,,,
Lewis,Hayes,0,2004-12-17,DEF,252000,Lewis Hayes,,,,,,,,,,,,,,,,,,,,,,,,,,,,,,,,,
Brayden,George,0,2004-01-13,FWD,250000,Brayden George,,,,,,,,,,,,,,,,,,,,,,,,,,,,,,,,,
Cooper,Vickery,0,2004-12-16,DEF,248000,Cooper Vickery,,,,,,,,,,,,,,,,,,,,,,,,,,,,,,,,,
Zane,Trew,30.5,2002-04-26,MID/FWD,252000,Zane Trew,,,,,,,,,,,,,,,,,,,,,,,,,,,,,,,,,
Jakob,Ryan,19,2004-09-20,DEF,238000,Jakob Ryan,,,,,,,,,,,,,,,,,,,,,,,,,,,,,,,,,
Coby,Burgiel,0,2004-09-09,MID/FWD,244000,Coby Burgiel,,,,,,,,,,,,,,,,,,,,,,,,,,,,,,,,,
Lachie,Cowan,40.6,2004-12-01,DEF,331000,Lachie Cowan,,,,,,,,,,,,,,,,,,,,,,,,,,,,,,,,,
James,Van Es,0,2004-08-07,DEF,240000,James Van Es,,,,,,,,,,,,,,,,,,,,,,,,,,,,,,,,,
Jaxon,Binns,0,2004-10-29,MID/FWD,238000,Jaxon Binns,,,,,,,,,,,,,,,,,,,,,,,,,,,,,,,,,
Hugh,Davies,0,2004-09-28,DEF,236000,Hugh Davies,,,,,,,,,,,,,,,,,,,,,,,,,,,,,,,,,
Connor,Blakely,0,1996-03-02,MID,235000,Connor Blakely,,,,,,,,,,,,,,,,,,,,,,,,,,,,,,,,,
Toby,McMullin,25.7,2004-08-06,FWD,237000,Toby McMullin,,,,,,,,,,,,,,,,,,,,,,,,,,,,,,,,,
Josh,Sinn,19.7,2003-01-07,MID/FWD,211000,Josh Sinn,,,,,,,,,,,,,,,,,,,,,,,,,,,,,,,,,
Jai,Serong,47,2003-02-16,FWD,260000,Jai Serong,,,,,,,,,,,,,,,,,,,,,,,,,,,,,,,,,
Olli,Hotton,0,2004-09-06,MID/FWD,232000,Olli Hotton,,,,,,,,,,,,,,,,,,,,,,,,,,,,,,,,,
Josh,Morris,0,2001-11-07,DEF,230000,Josh Morris,,,,,,,,,,,,,,,,,,,,,,,,,,,,,,,,,
Tom,McCallum,0,2004-09-15,DEF,230000,Tom McCallum,,,,,,,,,,,,,,,,,,,,,,,,,,,,,,,,,
Jed,Adams,0,2004-05-14,DEF,228000,Jed Adams,,,,,,,,,,,,,,,,,,,,,,,,,,,,,,,,,
Henry,Hustwaite,62.5,2004-07-20,MID,298000,Henry Hustwaite,,,,,,,,,,,,,,,,,,,,,,,,,,,,,,,,,
Harry,Sharp,59.3,2002-12-17,MID,332000,Harry Sharp,,,,,,,,,,,,,,,,,,,,,,,,,,,,,,,,,
Harvey,Gallagher,0,2003-09-26,DEF/FWD,224000,Harvey Gallagher,,,,,,,,,,,,,,,,,,,,,,,,,,,,,,,,,
Caleb,Mitchell,0,2004-08-10,DEF/MID,222000,Caleb Mitchell,,,,,,,,,,,,,,,,,,,,,,,,,,,,,,,,,
Tom,Emmett,71.5,2001-11-30,FWD,297000,Tom Emmett,,,,,,,,,,,,,,,,,,,,,,,,,,,,,,,,,
Max,Knobel,0,2004-06-27,RUC,218000,Max Knobel,,,,,,,,,,,,,,,,,,,,,,,,,,,,,,,,,
Billy,Dowling,0,2004-07-01,MID,216000,Billy Dowling,,,,,,,,,,,,,,,,,,,,,,,,,,,,,,,,,
Shannon,Neale,48,2002-07-25,FWD,290000,Shannon Neale,,,,,,,,,,,,,,,,,,,,,,,,,,,,,,,,,
Isaac,Keeler,0,2004-04-23,RUC/FWD,214000,Isaac Keeler,,,,,,,,,,,,,,,,,,,,,,,,,,,,,,,,,
Joel,Hamling,43.8,1993-04-09,DEF,281000,Joel Hamling,,,,,,,,,,,,,,,,,,,,,,,,,,,,,,,,,
Sam,Durdin,0,1996-06-06,DEF,213000,Sam Durdin,,,,,,,,,,,,,,,,,,,,,,,,,,,,,,,,,
Luke,Pedlar,58.2,2002-05-17,FWD,472000,Luke Pedlar,,,,,,,,,,,,,,,,,,,,,,,,,,,,,,,,,
Alwyn,Davey,35.8,2004-02-26,MID/FWD,266000,Alwyn Davey,,,,,,,,,,,,,,,,,,,,,,,,,,,,,,,,,
Jack,O'Sullivan,0,2004-10-22,FWD,210000,Jack O'Sullivan,,,,,,,,,,,,,,,,,,,,,,,,,,,,,,,,,
Kai,Lohmann,32.3,2003-05-06,FWD,250000,Kai Lohmann,,,,,,,,,,,,,,,,,,,,,,,,,,,,,,,,,
Harry,Lemmey,0,2004-01-30,FWD,208000,Harry Lemmey,,,,,,,,,,,,,,,,,,,,,,,,,,,,,,,,,
Joe,Richards,0,1999-11-23,MID/FWD,206000,Joe Richards,,,,,,,,,,,,,,,,,,,,,,,,,,,,,,,,,
Kaleb,Smith,0,2004-11-20,DEF,204000,Kaleb Smith,,,,,,,,,,,,,,,,,,,,,,,,,,,,,,,,,
Phoenix,Spicer,35.8,2002-01-30,FWD,283000,Phoenix Spicer,,,,,,,,,,,,,,,,,,,,,,,,,,,,,,,,,
Hugh,Bond,0,2004-09-25,MID,202000,Hugh Bond,,,,,,,,,,,,,,,,,,,,,,,,,,,,,,,,,
Sam,Philp,0,2001-08-04,FWD,201000,Sam Philp,,,,,,,,,,,,,,,,,,,,,,,,,,,,,,,,,
James,Tsitas,25.8,1995-03-03,MID/FWD,200000,James Tsitas,,,,,,,,,,,,,,,,,,,,,,,,,,,,,,,,,
Rhett,Montgomerie,0,2000-06-10,DEF,200000,Rhett Montgomerie,,,,,,,,,,,,,,,,,,,,,,,,,,,,,,,,,
Will,Gould,28,2001-01-14,DEF,219000,Will Gould,,,,,,,,,,,,,,,,,,,,,,,,,,,,,,,,,
Kade,Chandler,59,2000-01-13,FWD,445000,Kade Chandler,,,,,,,,,,,,,,,,,,,,,,,,,,,,,,,,,
Bigoa,Nyuon,0,2001-05-18,DEF,200000,Bigoa Nyuon,,,,,,,,,,,,,,,,,,,,,,,,,,,,,,,,,
Fergus,Greene,43,1997-12-20,FWD,345000,Fergus Greene,,,,,,,,,,,,,,,,,,,,,,,,,,,,,,,,,
Will,Kelly,29,2000-08-16,DEF,208000,Will Kelly,,,,,,,,,,,,,,,,,,,,,,,,,,,,,,,,,
James,Borlase,39,2002-07-18,DEF,275000,James Borlase,,,,,,,,,,,,,,,,,,,,,,,,,,,,,,,,,
Dylan,Williams,60,2001-07-01,FWD/DEF,480000,Dylan Williams,,,,,,,,,,,,,,,,,,,,,,,,,,,,,,,,,
Charlie,Dean,0,2001-06-19,DEF,200000,Charlie Dean,,,,,,,,,,,,,,,,,,,,,,,,,,,,,,,,,
Fischer,McAsey,0,2001-03-08,DEF/FWD,200000,Fischer McAsey,,,,,,,,,,,,,,,,,,,,,,,,,,,,,,,,,
Deakyn,Smith,0,2002-08-22,DEF,200000,Deakyn Smith,,,,,,,,,,,,,,,,,,,,,,,,,,,,,,,,,
Jake,Pasini,0,2001-02-06,DEF,200000,Jake Pasini,,,,,,,,,,,,,,,,,,,,,,,,,,,,,,,,,
James,Willis,0,2003-07-10,MID/FWD,200000,James Willis,,,,,,,,,,,,,,,,,,,,,,,,,,,,,,,,,
Arlo,Draper,0,2003-01-30,DEF,200000,Arlo Draper,,,,,,,,,,,,,,,,,,,,,,,,,,,,,,,,,
Cooper,Murley,0,2003-06-20,MID/FWD,200000,Cooper Murley,,,,,,,,,,,,,,,,,,,,,,,,,,,,,,,,,
Sebit,Kuek,0,2000-11-11,FWD,200000,Sebit Kuek,,,,,,,,,,,,,,,,,,,,,,,,,,,,,,,,,
Matt,Roberts,30.8,2003-07-31,MID/FWD,243000,Matt Roberts,,,,,,,,,,,,,,,,,,,,,,,,,,,,,,,,,
Samson,Ryan,46.6,2000-12-09,RUC/FWD,366000,Samson Ryan,,,,,,,,,,,,,,,,,,,,,,,,,,,,,,,,,
Tex,Wanganeen,0,2003-10-10,FWD,200000,Tex Wanganeen,,,,,,,,,,,,,,,,,,,,,,,,,,,,,,,,,
Bailey,Laurie,24.5,2002-03-24,MID/FWD,200000,Bailey Laurie,,,,,,,,,,,,,,,,,,,,,,,,,,,,,,,,,
Cameron,Fleeton,36,2002-06-17,DEF,220000,Cameron Fleeton,,,,,,,,,,,,,,,,,,,,,,,,,,,,,,,,,
Cody,Raak,0,2002-10-08,DEF/FWD,200000,Cody Raak,,,,,,,,,,,,,,,,,,,,,,,,,,,,,,,,,
Ollie,Lord,35,2002-01-02,DEF/FWD,269000,Ollie Lord,,,,,,,,,,,,,,,,,,,,,,,,,,,,,,,,,
Marc,Sheather,18.3,2002-06-11,DEF/FWD,200000,Marc Sheather,,,,,,,,,,,,,,,,,,,,,,,,,,,,,,,,,
Andy,Moniz-Wakefield,0,2003-10-26,FWD,200000,Andy Moniz-Wakefield,,,,,,,,,,,,,,,,,,,,,,,,,,,,,,,,,
Sam,Banks,51.7,2003-04-02,DEF/MID,379000,Sam Banks,,,,,,,,,,,,,,,,,,,,,,,,,,,,,,,,,
Blake,Coleman,0,2002-08-06,FWD,200000,Blake Coleman,,,,,,,,,,,,,,,,,,,,,,,,,,,,,,,,,
Sandy,Brock,0,2002-12-14,DEF,200000,Sandy Brock,,,,,,,,,,,,,,,,,,,,,,,,,,,,,,,,,
Sam,Sturt,42.9,2000-05-12,FWD,393000,Sam Sturt,,,,,,,,,,,,,,,,,,,,,,,,,,,,,,,,,
Nathan,Barkla,0,2004-03-30,MID,200000,Nathan Barkla,,,,,,,,,,,,,,,,,,,,,,,,,,,,,,,,,
Hugh,Jackson,0,2003-05-03,MID/FWD,200000,Hugh Jackson,,,,,,,,,,,,,,,,,,,,,,,,,,,,,,,,,
Harvey,Harrison,39.5,2003-11-10,FWD,291000,Harvey Harrison,,,,,,,,,,,,,,,,,,,,,,,,,,,,,,,,,
Alastair,Lord,0,2003-11-26,DEF,200000,Alastair Lord,,,,,,,,,,,,,,,,,,,,,,,,,,,,,,,,,
Jaiden,Magor,0,2004-02-16,MID/FWD,200000,Jaiden Magor,,,,,,,,,,,,,,,,,,,,,,,,,,,,,,,,,
Will,Verrall,0,2004-03-11,RUC,200000,Will Verrall,,,,,,,,,,,,,,,,,,,,,,,,,,,,,,,,,
Oscar,Adams,0,2003-07-23,DEF,200000,Oscar Adams,,,,,,,,,,,,,,,,,,,,,,,,,,,,,,,,,
Matthew,Allison,0,2002-01-29,DEF/FWD,200000,Matthew Allison,,,,,,,,,,,,,,,,,,,,,,,,,,,,,,,,,
Ryan,Angwin,38.9,2002-12-12,MID/FWD,332000,Ryan Angwin,,,,,,,,,,,,,,,,,,,,,,,,,,,,,,,,,
Domanic,Akuei,0,2002-05-12,DEF/RUC,200000,Domanic Akuei,,,,,,,,,,,,,,,,,,,,,,,,,,,,,,,,,
Max,Heath,0,2002-10-24,RUC/FWD,200000,Max Heath,,,,,,,,,,,,,,,,,,,,,,,,,,,,,,,,,
Jacob,Edwards,0,2002-11-22,RUC/FWD,200000,Jacob Edwards,,,,,,,,,,,,,,,,,,,,,,,,,,,,,,,,,
Tariek,Newchurch,0,2002-07-21,FWD,200000,Tariek Newchurch,,,,,,,,,,,,,,,,,,,,,,,,,,,,,,,,,
Wade,Derksen,0,2001-06-01,FWD,200000,Wade Derksen,,,,,,,,,,,,,,,,,,,,,,,,,,,,,,,,,
Henry,Smith,0,2002-09-24,RUC/FWD,200000,Henry Smith,,,,,,,,,,,,,,,,,,,,,,,,,,,,,,,,,
Matthew,Johnson,56.7,2003-03-16,MID,503000,Matthew Johnson,,,,,,,,,,,,,,,,,,,,,,,,,,,,,,,,,
Campbell,Chesser,42.5,2003-04-27,DEF/MID,363000,Campbell Chesser,,,,,,,,,,,,,,,,,,,,,,,,,,,,,,,,,
Toby,Conway,48,2003-04-24,RUC,216000,Toby Conway,,,,,,,,,,,,,,,,,,,,,,,,,,,,,,,,,
Zac,Taylor,0,2003-01-31,MID,200000,Zac Taylor,,,,,,,,,,,,,,,,,,,,,,,,,,,,,,,,,
Darcy,Wilmot,60.7,2003-12-31,DEF/MID,556000,Darcy Wilmot,,,,,,,,,,,,,,,,,,,,,,,,,,,,,,,,,
Angus,McLennan,0,2003-09-02,DEF,200000,Angus McLennan,,,,,,,,,,,,,,,,,,,,,,,,,,,,,,,,,
Tom,Brown,62,2003-07-30,DEF,226000,Tom Brown,,,,,,,,,,,,,,,,,,,,,,,,,,,,,,,,,
Oskar,Faulkhead,0,2003-02-11,MID/FWD,200000,Oskar Faulkhead,,,,,,,,,,,,,,,,,,,,,,,,,,,,,,,,,
Miller,Bergman,44.9,2003-01-25,DEF,340000,Miller Bergman,,,,,,,,,,,,,,,,,,,,,,,,,,,,,,,,,
Lachlan,Rankin,0,2003-02-05,DEF,200000,Lachlan Rankin,,,,,,,,,,,,,,,,,,,,,,,,,,,,,,,,,
Blake,Howes,0,2003-04-07,MID/FWD,200000,Blake Howes,,,,,,,,,,,,,,,,,,,,,,,,,,,,,,,,,
Dante,Visentini,39.7,2003-02-13,RUC/FWD,237000,Dante Visentini,,,,,,,,,,,,,,,,,,,,,,,,,,,,,,,,,
Bodhi,Uwland,30.7,2003-07-25,DEF/MID,247000,Bodhi Uwland,,,,,,,,,,,,,,,,,,,,,,,,,,,,,,,,,
Judd,McVee,46.1,2003-08-07,DEF/MID,384000,Judd McVee,,,,,,,,,,,,,,,,,,,,,,,,,,,,,,,,,
Jacob,van Rooyen,51.6,2003-04-16,FWD,450000,Jacob van Rooyen,,,,,,,,,,,,,,,,,,,,,,,,,,,,,,,,,
Josh,Fahey,33.7,2003-11-11,DEF/MID,268000,Josh Fahey,,,,,,,,,,,,,,,,,,,,,,,,,,,,,,,,,
Patrick,Voss,0,2003-06-29,FWD,200000,Patrick Voss,,,,,,,,,,,,,,,,,,,,,,,,,,,,,,,,,
William,Edwards,0,2003-05-08,DEF,200000,William Edwards,,,,,,,,,,,,,,,,,,,,,,,,,,,,,,,,,
Jack,Peris,57,2003-12-17,MID/FWD,223000,Jack Peris,,,,,,,,,,,,,,,,,,,,,,,,,,,,,,,,,
Jayden,Davey,0,2004-02-26,FWD,200000,Jayden Davey,,,,,,,,,,,,,,,,,,,,,,,,,,,,,,,,,
Conrad,Williams,0,2004-11-30,MID,200000,Conrad Williams,,,,,,,,,,,,,,,,,,,,,,,,,,,,,,,,,
Seamus,Mitchell,62.9,2002-07-03,DEF/FWD,497000,Seamus Mitchell,,,,,,,,,,,,,,,,,,,,,,,,,,,,,,,,,
Flynn,Kroeger,0,2003-07-23,MID,200000,Flynn Kroeger,,,,,,,,,,,,,,,,,,,,,,,,,,,,,,,,,
Joshua,Bennetts,0,2004-08-09,MID/FWD,200000,Joshua Bennetts,,,,,,,,,,,,,,,,,,,,,,,,,,,,,,,,,
Kalin,Lane,0,2001-12-05,RUC,200000,Kalin Lane,,,,,,,,,,,,,,,,,,,,,,,,,,,,,,,,,
Corey,Warner,20.7,2003-10-07,MID/FWD,200000,Corey Warner,,,,,,,,,,,,,,,,,,,,,,,,,,,,,,,,,
Taj,Woewodin,38.5,2003-03-26,MID/FWD,267000,Taj Woewodin,,,,,,,,,,,,,,,,,,,,,,,,,,,,,,,,,
Tylar,Young,36.9,1998-09-05,DEF,343000,Tylar Young,,,,,,,,,,,,,,,,,,,,,,,,,,,,,,,,,
Cian,McBride,0,2001-04-19,DEF/RUC,200000,Cian McBride,,,,,,,,,,,,,,,,,,,,,,,,,,,,,,,,,
Phoenix,Foster,0,2004-09-12,RUC/FWD,200000,Phoenix Foster,,,,,,,,,,,,,,,,,,,,,,,,,,,,,,,,,
Thomas,Scully,0,2004-11-02,FWD,200000,Thomas Scully,,,,,,,,,,,,,,,,,,,,,,,,,,,,,,,,,
Angus,Sheldrick,62.4,2003-11-07,MID/FWD,516000,Angus Sheldrick,,,,,,,,,,,,,,,,,,,,,,,,,,,,,,,,,
Jack,Williams,37.1,2003-12-01,RUC/FWD,320000,Jack Williams,,,,,,,,,,,,,,,,,,,,,,,,,,,,,,,,,
Arthur,Jones,33.7,2003-07-18,FWD,261000,Arthur Jones,,,,,,,,,,,,,,,,,,,,,,,,,,,,,,,,,
Jordyn,Baker,0,2004-05-10,MID,200000,Jordyn Baker,,,,,,,,,,,,,,,,,,,,,,,,,,,,,,,,,
Hamish,Free,0,1998-07-23,RUC,200000,Hamish Free,,,,,,,,,,,,,,,,,,,,,,,,,,,,,,,,,
Joshua,Draper,0,2004-02-08,FWD,200000,Joshua Draper,,,,,,,,,,,,,,,,,,,,,,,,,,,,,,,,,
Daniel,Turner,47,2002-01-28,DEF,239000,Daniel Turner,,,,,,,,,,,,,,,,,,,,,,,,,,,,,,,,,
Cooper,Harvey,44.7,2004-07-12,MID/FWD,280000,Cooper Harvey,,,,,,,,,,,,,,,,,,,,,,,,,,,,,,,,,
Ned,Moyle,54,2002-02-15,RUC,268000,Ned Moyle,,,,,,,,,,,,,,,,,,,,,,,,,,,,,,,,,
Karl,Worner,37.5,2002-06-16,DEF/MID,251000,Karl Worner,,,,,,,,,,,,,,,,,,,,,,,,,,,,,,,,,
Luke,Nankervis,61.8,2003-05-25,MID/FWD,368000,Luke Nankervis,,,,,,,,,,,,,,,,,,,,,,,,,,,,,,,,,
Cooper,Whyte,6,2003-02-24,MID/FWD,200000,Cooper Whyte,,,,,,,,,,,,,,,,,,,,,,,,,,,,,,,,,
Jacob,Bauer,23.8,2002-06-04,FWD,200000,Jacob Bauer,,,,,,,,,,,,,,,,,,,,,,,,,,,,,,,,,
Lachlan,McAndrew,42,2000-05-26,RUC/FWD,245000,Lachlan McAndrew,,,,,,,,,,,,,,,,,,,,,,,,,,,,,,,,,
Kyle,Marshall,0,2004-04-10,DEF,200000,Kyle Marshall,,,,,,,,,,,,,,,,,,,,,,,,,,,,,,,,,
Cameron,Owen ,0,2004-05-28,RUC,200000,Cameron Owen ,,,,,,,,,,,,,,,,,,,,,,,,,,,,,,,,,
Mate,Colina,0,1999-05-20,RUC/FWD,200000,Mate Colina,,,,,,,,,,,,,,,,,,,,,,,,,,,,,,,,,
Eric,Benning,0,2003-06-14,RUC,200000,Eric Benning,,,,,,,,,,,,,,,,,,,,,,,,,,,,,,,,,
Steely,Green,0,2004-01-09,MID,200000,Steely Green,,,,,,,,,,,,,,,,,,,,,,,,,,,,,,,,,
Tyrell,Dewar,0,2004-03-27,DEF/FWD,200000,Tyrell Dewar,,,,,,,,,,,,,,,,,,,,,,,,,,,,,,,,,
Hugo,Hall-Kahan,0,2003-09-22,FWD,200000,Hugo Hall-Kahan,,,,,,,,,,,,,,,,,,,,,,,,,,,,,,,,,
Seth,Campbell,0,2004-12-29,FWD,200000,Seth Campbell,,,,,,,,,,,,,,,,,,,,,,,,,,,,,,,,,
Liam,Reidy,0,2000-06-14,RUC,200000,Liam Reidy,,,,,,,,,,,,,,,,,,,,,,,,,,,,,,,,,
Alex,Mirkov,0,1999-11-17,RUC,200000,Alex Mirkov,,,,,,,,,,,,,,,,,,,,,,,,,,,,,,,,,
Jason,Gillbee,0,2004-05-15,DEF/MID,200000,Jason Gillbee,,,,,,,,,,,,,,,,,,,,,,,,,,,,,,,,,
Blake,Drury,26.3,2004-01-11,MID/FWD,222000,Blake Drury,,,,,,,,,,,,,,,,,,,,,,,,,,,,,,,,,
Noah,Long,46.5,2004-08-23,MID/FWD,421000,Noah Long,,,,,,,,,,,,,,,,,,,,,,,,,,,,,,,,,
Ted,Clohesy,18,2004-09-06,MID,200000,Ted Clohesy,,,,,,,,,,,,,,,,,,,,,,,,,,,,,,,,,
Nicholas,Madden,0,2004-05-17,RUC/FWD,200000,Nicholas Madden,,,,,,,,,,,,,,,,,,,,,,,,,,,,,,,,,
Lloyd,Johnston,44,2004-09-21,DEF,231000,Lloyd Johnston,,,,,,,,,,,,,,,,,,,,,,,,,,,,,,,,,
Anthony,Munkara,0,2004-10-03,FWD,200000,Anthony Munkara,,,,,,,,,,,,,,,,,,,,,,,,,,,,,,,,,
Fionn,O'Hara,0,2002-02-28,DEF,200000,Fionn O'Hara,,,,,,,,,,,,,,,,,,,,,,,,,,,,,,,,,
Oisin,Mullin,30.8,2000-02-11,DEF,234000,Oisin Mullin,,,,,,,,,,,,,,,,,,,,,,,,,,,,,,,,,
Oliver,Dempsey,32.8,2003-01-07,FWD,226000,Oliver Dempsey,,,,,,,,,,,,,,,,,,,,,,,,,,,,,,,,,
Oscar,Murdoch,0,2004-09-24,DEF,200000,Oscar Murdoch,,,,,,,,,,,,,,,,,,,,,,,,,,,,,,,,,
Osca,Riccardi,0,2004-08-23,DEF/FWD,200000,Osca Riccardi,,,,,,,,,,,,,,,,,,,,,,,,,,,,,,,,,
Max,Ramsden,30.5,2003-04-19,RUC/FWD,211000,Max Ramsden,,,,,,,,,,,,,,,,,,,,,,,,,,,,,,,,,
Shadeau,Brain,0,2004-02-13,FWD,200000,Shadeau Brain,,,,,,,,,,,,,,,,,,,,,,,,,,,,,,,,,
Bailey,Macdonald,52.5,2004-08-04,DEF,252000,Bailey Macdonald,,,,,,,,,,,,,,,,,,,,,,,,,,,,,,,,,
Darryl,McDowell-White,0,1997-01-14,MID/FWD,200000,Darryl McDowell-White,,,,,,,,,,,,,,,,,,,,,,,,,,,,,,,,,
Oliver,Sestan,0,2004-04-15,FWD,200000,Oliver Sestan,,,,,,,,,,,,,,,,,,,,,,,,,,,,,,,,,
Kyah,Farris-White,0,2004-01-02,RUC,200000,Kyah Farris-White,,,,,,,,,,,,,,,,,,,,,,,,,,,,,,,,,
Oleg,Markov,49.1,1996-05-08,DEF,403000,Oleg Markov,,,,,,,,,,,,,,,,,,,,,,,,,,,,,,,,,
Quinton,Narkle,45.3,1997-12-03,MID,423000,Quinton Narkle,,,,,,,,,,,,,,,,,,,,,,,,,,,,,,,,,
Darragh,Joyce,36,1997-04-23,DEF,283000,Darragh Joyce,,,,,,,,,,,,,,,,,,,,,,,,,,,,,,,,,
Tyler,Brown,12,1999-12-09,MID/FWD,389000,Tyler Brown,,,,,,,,,,,,,,,,,,,,,,,,,,,,,,,,,
Liam,Stocker,70.5,2000-01-23,DEF,549000,Liam Stocker,,,,,,,,,,,,,,,,,,,,,,,,,,,,,,,,,
Harrison,Arnold,0,1999-04-08,DEF,200000,Harrison Arnold,,,,,,,,,,,,,,,,,,,,,,,,,,,,,,,,,
Matthew,Coulthard,33.3,2001-05-11,FWD,235000,Matthew Coulthard,,,,,,,,,,,,,,,,,,,,,,,,,,,,,,,,,
Mitch,Hardie,0,1997-09-05,MID,200000,Mitch Hardie,,,,,,,,,,,,,,,,,,,,,,,,,,,,,,,,,
Jack,Buller,19,2001-05-16,FWD,200000,Jack Buller,,,,,,,,,,,,,,,,,,,,,,,,,,,,,,,,,
Caleb,Poulter,56.7,2002-10-12,MID,468000,Caleb Poulter,,,,,,,,,,,,,,,,,,,,,,,,,,,,,,,,,
Brandon,Ryan,38.7,1997-11-07,FWD,265000,Brandon Ryan,,,,,,,,,,,,,,,,,,,,,,,,,,,,,,,,,
Mark,Keane,51.2,2000-03-17,DEF,380000,Mark Keane,,,,,,,,,,,,,,,,,,,,,,,,,,,,,,,,,
Alex,Cincotta,48.1,1996-12-17,DEF/MID,392000,Alex Cincotta,,,,,,,,,,,,,,,,,,,,,,,,,,,,,,,,,
Brodie,McLaughlin,0,1997-11-20,FWD,200000,Brodie McLaughlin,,,,,,,,,,,,,,,,,,,,,,,,,,,,,,,,,
Jaiden,Hunter,0,2002-04-20,FWD,200000,Jaiden Hunter,,,,,,,,,,,,,,,,,,,,,,,,,,,,,,,,,
Oscar,Steene,0,2003-08-23,RUC,200000,Oscar Steene,,,,,,,,,,,,,,,,,,,,,,,,,,,,,,,,,
Robert,Hansen Jr,19,2004-03-13,FWD,200000,Robert Hansen Jr,,,,,,,,,,,,,,,,,,,,,,,,,,,,,,,,,
Kye,Turner,0,2002-02-06,DEF,200000,Kye Turner,,,,,,,,,,,,,,,,,,,,,,,,,,,,,,,,,
Hudson,OKeeffe,0,2004-12-16,RUC,200000,Hudson OKeeffe,,,,,,,,,,,,,,,,,,,,,,,,,,,,,,,,,
Anthony,Caminiti,50.4,2003-12-09,FWD,452000,Anthony Caminiti,,,,,,,,,,,,,,,,,,,,,,,,,,,,,,,,,
Clay,Tucker,0,2004-08-09,RUC,200000,Clay Tucker,,,,,,,,,,,,,,,,,,,,,,,,,,,,,,,,,
Kaelan,Bradtke,0,2001-05-21,FWD,200000,Kaelan Bradtke,,,,,,,,,,,,,,,,,,,,,,,,,,,,,,,,,
Ryan,Maric,49.3,2004-09-06,FWD,400000,Ryan Maric,,,,,,,,,,,,,,,,,,,,,,,,,,,,,,,,,
Ethan,Stanley,17.5,2003-11-13,MID/FWD,200000,Ethan Stanley,,,,,,,,,,,,,,,,,,,,,,,,,,,,,,,,,
James,Trezise,77,2002-06-15,DEF,236000,James Trezise,,,,,,,,,,,,,,,,,,,,,,,,,,,,,,,,,
James,O'Donnell,33.1,2002-08-31,DEF,319000,James O'Donnell,,,,,,,,,,,,,,,,,,,,,,,,,,,,,,,,,